Frame id,timestamp,hands,fingers,tools,gestures,handType,handID,handPalmPosition,pitch,roll,yaw,armDirection,wristPosition,elbowPosition,ToolID,ToolTipPosition,ToolDirection,GestureID,GestureType,GestureCircleClockwiseness,GestureCircleSweptAngle,GestureCircleProgress,GestureCircleRadius,GestureStateNames,SwipePosition,SwipeDirection,SwipeSpeed,KeytapPosition,KeytapDirection,ScreentapPosition,ScreentapDirection,ThumbID,ThumbLength,ThumbWidth,IndexID,IndexLength,IndexWidth,MiddleID,MiddleLength,MiddleWidth,RingID,RingLength,RingWidth,PinkyID,PinkyLength,PinkyWidth,ThumbMetacarpalStart,ThumbMetacarpalEnd,ThumbMetacarpalDirection,ThumbProximalStart,ThumbProximalEnd,ThumbProximalDirection,ThumbIntermediateStart,ThumbIntermediateEnd,ThumbIntermediateDirection,ThumbDistalStart,ThumbDistalEnd,ThumbDistalDirection,IndexMetacarpalStart,IndexMetacarpalEnd,IndexMetacarpalDirection,IndexProximalStart,IndexProximalEnd,IndexProximalDirection,IndexIntermediateStart,IndexIntermediateEnd,IndexIntermediateDirection,IndexDistalStart,IndexDistalEnd,IndexDistalDirection,MiddleMetacarpalStart,MiddleMetacarpalEnd,MiddleMetacarpalDirection,MiddleProximalStart,MiddleProximalEnd,MiddleProximalDirection,MiddleIntermediateStart,MiddleIntermediateEnd,MiddleIntermediateDirection,MiddleDistalStart,MiddleDistalEnd,MiddleDistalDirection,RingMetacarpalStart,RingMetacarpalEnd,RingMetacarpalDirection,RingProximalStart,RingProximalEnd,RingProximalDirection,RingIntermediateStart,RingIntermediateEnd,RingIntermediateDirection,RingDistalStart,RingDistalEnd,RingDistalDirection,PinkyMetacarpalStart,PinkyMetacarpalEnd,PinkyMetacarpalDirection,PinkyProximalStart,PinkyProximalEnd,PinkyProximalDirection,PinkyIntermediateStart,PinkyIntermediateEnd,PinkyIntermediateDirection,PinkyDistalStart,PinkyDistalEnd,PinkyDistalDirection,GenuineRO,GenuineMA,imposter
1088720,12760928667,0,0,0,0,0,0,0,0.0,0.0,0.0,0,0,0,0,0,0,0,0,0,0.0,0.0,0.0,0,0,0,0,0,0,0,0,0,0.0,0.0,0,0.0,0.0,0,0.0,0.0,0,0.0,0.0,0,0.0,0.0,0,0,0,0,0,0,0,0,0,0,0,0,0,0,0,0,0,0,0,0,0,0,0,0,0,0,0,0,0,0,0,0,0,0,0,0,0,0,0,0,0,0,0,0,0,0,0,0,0,0,0,0,0,0,0,0,0,0,0,0,1,0,0
1088721,12760937292,0,0,0,0,0,0,0,0.0,0.0,0.0,0,0,0,0,0,0,0,0,0,0.0,0.0,0.0,0,0,0,0,0,0,0,0,0,0.0,0.0,0,0.0,0.0,0,0.0,0.0,0,0.0,0.0,0,0.0,0.0,0,0,0,0,0,0,0,0,0,0,0,0,0,0,0,0,0,0,0,0,0,0,0,0,0,0,0,0,0,0,0,0,0,0,0,0,0,0,0,0,0,0,0,0,0,0,0,0,0,0,0,0,0,0,0,0,0,0,0,0,1,0,0
1088722,12760946179,0,0,0,0,0,0,0,0.0,0.0,0.0,0,0,0,0,0,0,0,0,0,0.0,0.0,0.0,0,0,0,0,0,0,0,0,0,0.0,0.0,0,0.0,0.0,0,0.0,0.0,0,0.0,0.0,0,0.0,0.0,0,0,0,0,0,0,0,0,0,0,0,0,0,0,0,0,0,0,0,0,0,0,0,0,0,0,0,0,0,0,0,0,0,0,0,0,0,0,0,0,0,0,0,0,0,0,0,0,0,0,0,0,0,0,0,0,0,0,0,0,1,0,0
1088723,12760954689,0,0,0,0,0,0,0,0.0,0.0,0.0,0,0,0,0,0,0,0,0,0,0.0,0.0,0.0,0,0,0,0,0,0,0,0,0,0.0,0.0,0,0.0,0.0,0,0.0,0.0,0,0.0,0.0,0,0.0,0.0,0,0,0,0,0,0,0,0,0,0,0,0,0,0,0,0,0,0,0,0,0,0,0,0,0,0,0,0,0,0,0,0,0,0,0,0,0,0,0,0,0,0,0,0,0,0,0,0,0,0,0,0,0,0,0,0,0,0,0,0,1,0,0
1088724,12760963443,0,0,0,0,0,0,0,0.0,0.0,0.0,0,0,0,0,0,0,0,0,0,0.0,0.0,0.0,0,0,0,0,0,0,0,0,0,0.0,0.0,0,0.0,0.0,0,0.0,0.0,0,0.0,0.0,0,0.0,0.0,0,0,0,0,0,0,0,0,0,0,0,0,0,0,0,0,0,0,0,0,0,0,0,0,0,0,0,0,0,0,0,0,0,0,0,0,0,0,0,0,0,0,0,0,0,0,0,0,0,0,0,0,0,0,0,0,0,0,0,0,1,0,0
1088725,12760972019,0,0,0,0,0,0,0,0.0,0.0,0.0,0,0,0,0,0,0,0,0,0,0.0,0.0,0.0,0,0,0,0,0,0,0,0,0,0.0,0.0,0,0.0,0.0,0,0.0,0.0,0,0.0,0.0,0,0.0,0.0,0,0,0,0,0,0,0,0,0,0,0,0,0,0,0,0,0,0,0,0,0,0,0,0,0,0,0,0,0,0,0,0,0,0,0,0,0,0,0,0,0,0,0,0,0,0,0,0,0,0,0,0,0,0,0,0,0,0,0,0,1,0,0
1088726,12760980720,0,0,0,0,0,0,0,0.0,0.0,0.0,0,0,0,0,0,0,0,0,0,0.0,0.0,0.0,0,0,0,0,0,0,0,0,0,0.0,0.0,0,0.0,0.0,0,0.0,0.0,0,0.0,0.0,0,0.0,0.0,0,0,0,0,0,0,0,0,0,0,0,0,0,0,0,0,0,0,0,0,0,0,0,0,0,0,0,0,0,0,0,0,0,0,0,0,0,0,0,0,0,0,0,0,0,0,0,0,0,0,0,0,0,0,0,0,0,0,0,0,1,0,0
1088727,12760989562,0,0,0,0,0,0,0,0.0,0.0,0.0,0,0,0,0,0,0,0,0,0,0.0,0.0,0.0,0,0,0,0,0,0,0,0,0,0.0,0.0,0,0.0,0.0,0,0.0,0.0,0,0.0,0.0,0,0.0,0.0,0,0,0,0,0,0,0,0,0,0,0,0,0,0,0,0,0,0,0,0,0,0,0,0,0,0,0,0,0,0,0,0,0,0,0,0,0,0,0,0,0,0,0,0,0,0,0,0,0,0,0,0,0,0,0,0,0,0,0,0,1,0,0
1088728,12760998080,0,0,0,0,0,0,0,0.0,0.0,0.0,0,0,0,0,0,0,0,0,0,0.0,0.0,0.0,0,0,0,0,0,0,0,0,0,0.0,0.0,0,0.0,0.0,0,0.0,0.0,0,0.0,0.0,0,0.0,0.0,0,0,0,0,0,0,0,0,0,0,0,0,0,0,0,0,0,0,0,0,0,0,0,0,0,0,0,0,0,0,0,0,0,0,0,0,0,0,0,0,0,0,0,0,0,0,0,0,0,0,0,0,0,0,0,0,0,0,0,0,1,0,0
1088729,12761006805,0,0,0,0,0,0,0,0.0,0.0,0.0,0,0,0,0,0,0,0,0,0,0.0,0.0,0.0,0,0,0,0,0,0,0,0,0,0.0,0.0,0,0.0,0.0,0,0.0,0.0,0,0.0,0.0,0,0.0,0.0,0,0,0,0,0,0,0,0,0,0,0,0,0,0,0,0,0,0,0,0,0,0,0,0,0,0,0,0,0,0,0,0,0,0,0,0,0,0,0,0,0,0,0,0,0,0,0,0,0,0,0,0,0,0,0,0,0,0,0,0,1,0,0
1088730,12761015428,0,0,0,0,0,0,0,0.0,0.0,0.0,0,0,0,0,0,0,0,0,0,0.0,0.0,0.0,0,0,0,0,0,0,0,0,0,0.0,0.0,0,0.0,0.0,0,0.0,0.0,0,0.0,0.0,0,0.0,0.0,0,0,0,0,0,0,0,0,0,0,0,0,0,0,0,0,0,0,0,0,0,0,0,0,0,0,0,0,0,0,0,0,0,0,0,0,0,0,0,0,0,0,0,0,0,0,0,0,0,0,0,0,0,0,0,0,0,0,0,0,1,0,0
1088731,12761024117,0,0,0,0,0,0,0,0.0,0.0,0.0,0,0,0,0,0,0,0,0,0,0.0,0.0,0.0,0,0,0,0,0,0,0,0,0,0.0,0.0,0,0.0,0.0,0,0.0,0.0,0,0.0,0.0,0,0.0,0.0,0,0,0,0,0,0,0,0,0,0,0,0,0,0,0,0,0,0,0,0,0,0,0,0,0,0,0,0,0,0,0,0,0,0,0,0,0,0,0,0,0,0,0,0,0,0,0,0,0,0,0,0,0,0,0,0,0,0,0,0,1,0,0
1088732,12761032754,0,0,0,0,0,0,0,0.0,0.0,0.0,0,0,0,0,0,0,0,0,0,0.0,0.0,0.0,0,0,0,0,0,0,0,0,0,0.0,0.0,0,0.0,0.0,0,0.0,0.0,0,0.0,0.0,0,0.0,0.0,0,0,0,0,0,0,0,0,0,0,0,0,0,0,0,0,0,0,0,0,0,0,0,0,0,0,0,0,0,0,0,0,0,0,0,0,0,0,0,0,0,0,0,0,0,0,0,0,0,0,0,0,0,0,0,0,0,0,0,0,1,0,0
1088733,12761041438,0,0,0,0,0,0,0,0.0,0.0,0.0,0,0,0,0,0,0,0,0,0,0.0,0.0,0.0,0,0,0,0,0,0,0,0,0,0.0,0.0,0,0.0,0.0,0,0.0,0.0,0,0.0,0.0,0,0.0,0.0,0,0,0,0,0,0,0,0,0,0,0,0,0,0,0,0,0,0,0,0,0,0,0,0,0,0,0,0,0,0,0,0,0,0,0,0,0,0,0,0,0,0,0,0,0,0,0,0,0,0,0,0,0,0,0,0,0,0,0,0,1,0,0
1088734,12761050149,0,0,0,0,0,0,0,0.0,0.0,0.0,0,0,0,0,0,0,0,0,0,0.0,0.0,0.0,0,0,0,0,0,0,0,0,0,0.0,0.0,0,0.0,0.0,0,0.0,0.0,0,0.0,0.0,0,0.0,0.0,0,0,0,0,0,0,0,0,0,0,0,0,0,0,0,0,0,0,0,0,0,0,0,0,0,0,0,0,0,0,0,0,0,0,0,0,0,0,0,0,0,0,0,0,0,0,0,0,0,0,0,0,0,0,0,0,0,0,0,0,1,0,0
1088735,12761058819,0,0,0,0,0,0,0,0.0,0.0,0.0,0,0,0,0,0,0,0,0,0,0.0,0.0,0.0,0,0,0,0,0,0,0,0,0,0.0,0.0,0,0.0,0.0,0,0.0,0.0,0,0.0,0.0,0,0.0,0.0,0,0,0,0,0,0,0,0,0,0,0,0,0,0,0,0,0,0,0,0,0,0,0,0,0,0,0,0,0,0,0,0,0,0,0,0,0,0,0,0,0,0,0,0,0,0,0,0,0,0,0,0,0,0,0,0,0,0,0,0,1,0,0
1088736,12761067491,0,0,0,0,0,0,0,0.0,0.0,0.0,0,0,0,0,0,0,0,0,0,0.0,0.0,0.0,0,0,0,0,0,0,0,0,0,0.0,0.0,0,0.0,0.0,0,0.0,0.0,0,0.0,0.0,0,0.0,0.0,0,0,0,0,0,0,0,0,0,0,0,0,0,0,0,0,0,0,0,0,0,0,0,0,0,0,0,0,0,0,0,0,0,0,0,0,0,0,0,0,0,0,0,0,0,0,0,0,0,0,0,0,0,0,0,0,0,0,0,0,1,0,0
1088737,12761076355,0,0,0,0,0,0,0,0.0,0.0,0.0,0,0,0,0,0,0,0,0,0,0.0,0.0,0.0,0,0,0,0,0,0,0,0,0,0.0,0.0,0,0.0,0.0,0,0.0,0.0,0,0.0,0.0,0,0.0,0.0,0,0,0,0,0,0,0,0,0,0,0,0,0,0,0,0,0,0,0,0,0,0,0,0,0,0,0,0,0,0,0,0,0,0,0,0,0,0,0,0,0,0,0,0,0,0,0,0,0,0,0,0,0,0,0,0,0,0,0,0,1,0,0
1088738,12761084798,0,0,0,0,0,0,0,0.0,0.0,0.0,0,0,0,0,0,0,0,0,0,0.0,0.0,0.0,0,0,0,0,0,0,0,0,0,0.0,0.0,0,0.0,0.0,0,0.0,0.0,0,0.0,0.0,0,0.0,0.0,0,0,0,0,0,0,0,0,0,0,0,0,0,0,0,0,0,0,0,0,0,0,0,0,0,0,0,0,0,0,0,0,0,0,0,0,0,0,0,0,0,0,0,0,0,0,0,0,0,0,0,0,0,0,0,0,0,0,0,0,1,0,0
1088739,12761093712,0,0,0,0,0,0,0,0.0,0.0,0.0,0,0,0,0,0,0,0,0,0,0.0,0.0,0.0,0,0,0,0,0,0,0,0,0,0.0,0.0,0,0.0,0.0,0,0.0,0.0,0,0.0,0.0,0,0.0,0.0,0,0,0,0,0,0,0,0,0,0,0,0,0,0,0,0,0,0,0,0,0,0,0,0,0,0,0,0,0,0,0,0,0,0,0,0,0,0,0,0,0,0,0,0,0,0,0,0,0,0,0,0,0,0,0,0,0,0,0,0,1,0,0
1088740,12761102128,0,0,0,0,0,0,0,0.0,0.0,0.0,0,0,0,0,0,0,0,0,0,0.0,0.0,0.0,0,0,0,0,0,0,0,0,0,0.0,0.0,0,0.0,0.0,0,0.0,0.0,0,0.0,0.0,0,0.0,0.0,0,0,0,0,0,0,0,0,0,0,0,0,0,0,0,0,0,0,0,0,0,0,0,0,0,0,0,0,0,0,0,0,0,0,0,0,0,0,0,0,0,0,0,0,0,0,0,0,0,0,0,0,0,0,0,0,0,0,0,0,1,0,0
1088741,12761110968,0,0,0,0,0,0,0,0.0,0.0,0.0,0,0,0,0,0,0,0,0,0,0.0,0.0,0.0,0,0,0,0,0,0,0,0,0,0.0,0.0,0,0.0,0.0,0,0.0,0.0,0,0.0,0.0,0,0.0,0.0,0,0,0,0,0,0,0,0,0,0,0,0,0,0,0,0,0,0,0,0,0,0,0,0,0,0,0,0,0,0,0,0,0,0,0,0,0,0,0,0,0,0,0,0,0,0,0,0,0,0,0,0,0,0,0,0,0,0,0,0,1,0,0
1088742,12761119494,0,0,0,0,0,0,0,0.0,0.0,0.0,0,0,0,0,0,0,0,0,0,0.0,0.0,0.0,0,0,0,0,0,0,0,0,0,0.0,0.0,0,0.0,0.0,0,0.0,0.0,0,0.0,0.0,0,0.0,0.0,0,0,0,0,0,0,0,0,0,0,0,0,0,0,0,0,0,0,0,0,0,0,0,0,0,0,0,0,0,0,0,0,0,0,0,0,0,0,0,0,0,0,0,0,0,0,0,0,0,0,0,0,0,0,0,0,0,0,0,0,1,0,0
1088743,12761128350,0,0,0,0,0,0,0,0.0,0.0,0.0,0,0,0,0,0,0,0,0,0,0.0,0.0,0.0,0,0,0,0,0,0,0,0,0,0.0,0.0,0,0.0,0.0,0,0.0,0.0,0,0.0,0.0,0,0.0,0.0,0,0,0,0,0,0,0,0,0,0,0,0,0,0,0,0,0,0,0,0,0,0,0,0,0,0,0,0,0,0,0,0,0,0,0,0,0,0,0,0,0,0,0,0,0,0,0,0,0,0,0,0,0,0,0,0,0,0,0,0,1,0,0
1088744,12761136931,0,0,0,0,0,0,0,0.0,0.0,0.0,0,0,0,0,0,0,0,0,0,0.0,0.0,0.0,0,0,0,0,0,0,0,0,0,0.0,0.0,0,0.0,0.0,0,0.0,0.0,0,0.0,0.0,0,0.0,0.0,0,0,0,0,0,0,0,0,0,0,0,0,0,0,0,0,0,0,0,0,0,0,0,0,0,0,0,0,0,0,0,0,0,0,0,0,0,0,0,0,0,0,0,0,0,0,0,0,0,0,0,0,0,0,0,0,0,0,0,0,1,0,0
1088745,12761145676,0,0,0,0,0,0,0,0.0,0.0,0.0,0,0,0,0,0,0,0,0,0,0.0,0.0,0.0,0,0,0,0,0,0,0,0,0,0.0,0.0,0,0.0,0.0,0,0.0,0.0,0,0.0,0.0,0,0.0,0.0,0,0,0,0,0,0,0,0,0,0,0,0,0,0,0,0,0,0,0,0,0,0,0,0,0,0,0,0,0,0,0,0,0,0,0,0,0,0,0,0,0,0,0,0,0,0,0,0,0,0,0,0,0,0,0,0,0,0,0,0,1,0,0
1088746,12761154142,0,0,0,0,0,0,0,0.0,0.0,0.0,0,0,0,0,0,0,0,0,0,0.0,0.0,0.0,0,0,0,0,0,0,0,0,0,0.0,0.0,0,0.0,0.0,0,0.0,0.0,0,0.0,0.0,0,0.0,0.0,0,0,0,0,0,0,0,0,0,0,0,0,0,0,0,0,0,0,0,0,0,0,0,0,0,0,0,0,0,0,0,0,0,0,0,0,0,0,0,0,0,0,0,0,0,0,0,0,0,0,0,0,0,0,0,0,0,0,0,0,1,0,0
1088747,12761163037,0,0,0,0,0,0,0,0.0,0.0,0.0,0,0,0,0,0,0,0,0,0,0.0,0.0,0.0,0,0,0,0,0,0,0,0,0,0.0,0.0,0,0.0,0.0,0,0.0,0.0,0,0.0,0.0,0,0.0,0.0,0,0,0,0,0,0,0,0,0,0,0,0,0,0,0,0,0,0,0,0,0,0,0,0,0,0,0,0,0,0,0,0,0,0,0,0,0,0,0,0,0,0,0,0,0,0,0,0,0,0,0,0,0,0,0,0,0,0,0,0,1,0,0
1088748,12761171519,0,0,0,0,0,0,0,0.0,0.0,0.0,0,0,0,0,0,0,0,0,0,0.0,0.0,0.0,0,0,0,0,0,0,0,0,0,0.0,0.0,0,0.0,0.0,0,0.0,0.0,0,0.0,0.0,0,0.0,0.0,0,0,0,0,0,0,0,0,0,0,0,0,0,0,0,0,0,0,0,0,0,0,0,0,0,0,0,0,0,0,0,0,0,0,0,0,0,0,0,0,0,0,0,0,0,0,0,0,0,0,0,0,0,0,0,0,0,0,0,0,1,0,0
1088749,12761180226,0,0,0,0,0,0,0,0.0,0.0,0.0,0,0,0,0,0,0,0,0,0,0.0,0.0,0.0,0,0,0,0,0,0,0,0,0,0.0,0.0,0,0.0,0.0,0,0.0,0.0,0,0.0,0.0,0,0.0,0.0,0,0,0,0,0,0,0,0,0,0,0,0,0,0,0,0,0,0,0,0,0,0,0,0,0,0,0,0,0,0,0,0,0,0,0,0,0,0,0,0,0,0,0,0,0,0,0,0,0,0,0,0,0,0,0,0,0,0,0,0,1,0,0
1088750,12761188903,0,0,0,0,0,0,0,0.0,0.0,0.0,0,0,0,0,0,0,0,0,0,0.0,0.0,0.0,0,0,0,0,0,0,0,0,0,0.0,0.0,0,0.0,0.0,0,0.0,0.0,0,0.0,0.0,0,0.0,0.0,0,0,0,0,0,0,0,0,0,0,0,0,0,0,0,0,0,0,0,0,0,0,0,0,0,0,0,0,0,0,0,0,0,0,0,0,0,0,0,0,0,0,0,0,0,0,0,0,0,0,0,0,0,0,0,0,0,0,0,0,1,0,0
1088751,12761197509,0,0,0,0,0,0,0,0.0,0.0,0.0,0,0,0,0,0,0,0,0,0,0.0,0.0,0.0,0,0,0,0,0,0,0,0,0,0.0,0.0,0,0.0,0.0,0,0.0,0.0,0,0.0,0.0,0,0.0,0.0,0,0,0,0,0,0,0,0,0,0,0,0,0,0,0,0,0,0,0,0,0,0,0,0,0,0,0,0,0,0,0,0,0,0,0,0,0,0,0,0,0,0,0,0,0,0,0,0,0,0,0,0,0,0,0,0,0,0,0,0,1,0,0
1088752,12761206238,0,0,0,0,0,0,0,0.0,0.0,0.0,0,0,0,0,0,0,0,0,0,0.0,0.0,0.0,0,0,0,0,0,0,0,0,0,0.0,0.0,0,0.0,0.0,0,0.0,0.0,0,0.0,0.0,0,0.0,0.0,0,0,0,0,0,0,0,0,0,0,0,0,0,0,0,0,0,0,0,0,0,0,0,0,0,0,0,0,0,0,0,0,0,0,0,0,0,0,0,0,0,0,0,0,0,0,0,0,0,0,0,0,0,0,0,0,0,0,0,0,1,0,0
1088753,12761214885,0,0,0,0,0,0,0,0.0,0.0,0.0,0,0,0,0,0,0,0,0,0,0.0,0.0,0.0,0,0,0,0,0,0,0,0,0,0.0,0.0,0,0.0,0.0,0,0.0,0.0,0,0.0,0.0,0,0.0,0.0,0,0,0,0,0,0,0,0,0,0,0,0,0,0,0,0,0,0,0,0,0,0,0,0,0,0,0,0,0,0,0,0,0,0,0,0,0,0,0,0,0,0,0,0,0,0,0,0,0,0,0,0,0,0,0,0,0,0,0,0,1,0,0
1088754,12761223770,0,0,0,0,0,0,0,0.0,0.0,0.0,0,0,0,0,0,0,0,0,0,0.0,0.0,0.0,0,0,0,0,0,0,0,0,0,0.0,0.0,0,0.0,0.0,0,0.0,0.0,0,0.0,0.0,0,0.0,0.0,0,0,0,0,0,0,0,0,0,0,0,0,0,0,0,0,0,0,0,0,0,0,0,0,0,0,0,0,0,0,0,0,0,0,0,0,0,0,0,0,0,0,0,0,0,0,0,0,0,0,0,0,0,0,0,0,0,0,0,0,1,0,0
1088755,12761232260,0,0,0,0,0,0,0,0.0,0.0,0.0,0,0,0,0,0,0,0,0,0,0.0,0.0,0.0,0,0,0,0,0,0,0,0,0,0.0,0.0,0,0.0,0.0,0,0.0,0.0,0,0.0,0.0,0,0.0,0.0,0,0,0,0,0,0,0,0,0,0,0,0,0,0,0,0,0,0,0,0,0,0,0,0,0,0,0,0,0,0,0,0,0,0,0,0,0,0,0,0,0,0,0,0,0,0,0,0,0,0,0,0,0,0,0,0,0,0,0,0,1,0,0
1088756,12761240942,0,0,0,0,0,0,0,0.0,0.0,0.0,0,0,0,0,0,0,0,0,0,0.0,0.0,0.0,0,0,0,0,0,0,0,0,0,0.0,0.0,0,0.0,0.0,0,0.0,0.0,0,0.0,0.0,0,0.0,0.0,0,0,0,0,0,0,0,0,0,0,0,0,0,0,0,0,0,0,0,0,0,0,0,0,0,0,0,0,0,0,0,0,0,0,0,0,0,0,0,0,0,0,0,0,0,0,0,0,0,0,0,0,0,0,0,0,0,0,0,0,1,0,0
1088757,12761249585,0,0,0,0,0,0,0,0.0,0.0,0.0,0,0,0,0,0,0,0,0,0,0.0,0.0,0.0,0,0,0,0,0,0,0,0,0,0.0,0.0,0,0.0,0.0,0,0.0,0.0,0,0.0,0.0,0,0.0,0.0,0,0,0,0,0,0,0,0,0,0,0,0,0,0,0,0,0,0,0,0,0,0,0,0,0,0,0,0,0,0,0,0,0,0,0,0,0,0,0,0,0,0,0,0,0,0,0,0,0,0,0,0,0,0,0,0,0,0,0,0,1,0,0
1088758,12761258305,0,0,0,0,0,0,0,0.0,0.0,0.0,0,0,0,0,0,0,0,0,0,0.0,0.0,0.0,0,0,0,0,0,0,0,0,0,0.0,0.0,0,0.0,0.0,0,0.0,0.0,0,0.0,0.0,0,0.0,0.0,0,0,0,0,0,0,0,0,0,0,0,0,0,0,0,0,0,0,0,0,0,0,0,0,0,0,0,0,0,0,0,0,0,0,0,0,0,0,0,0,0,0,0,0,0,0,0,0,0,0,0,0,0,0,0,0,0,0,0,0,1,0,0
1088759,12761266924,0,0,0,0,0,0,0,0.0,0.0,0.0,0,0,0,0,0,0,0,0,0,0.0,0.0,0.0,0,0,0,0,0,0,0,0,0,0.0,0.0,0,0.0,0.0,0,0.0,0.0,0,0.0,0.0,0,0.0,0.0,0,0,0,0,0,0,0,0,0,0,0,0,0,0,0,0,0,0,0,0,0,0,0,0,0,0,0,0,0,0,0,0,0,0,0,0,0,0,0,0,0,0,0,0,0,0,0,0,0,0,0,0,0,0,0,0,0,0,0,0,1,0,0
1088760,12761275660,0,0,0,0,0,0,0,0.0,0.0,0.0,0,0,0,0,0,0,0,0,0,0.0,0.0,0.0,0,0,0,0,0,0,0,0,0,0.0,0.0,0,0.0,0.0,0,0.0,0.0,0,0.0,0.0,0,0.0,0.0,0,0,0,0,0,0,0,0,0,0,0,0,0,0,0,0,0,0,0,0,0,0,0,0,0,0,0,0,0,0,0,0,0,0,0,0,0,0,0,0,0,0,0,0,0,0,0,0,0,0,0,0,0,0,0,0,0,0,0,0,1,0,0
1088761,12761284261,0,0,0,0,0,0,0,0.0,0.0,0.0,0,0,0,0,0,0,0,0,0,0.0,0.0,0.0,0,0,0,0,0,0,0,0,0,0.0,0.0,0,0.0,0.0,0,0.0,0.0,0,0.0,0.0,0,0.0,0.0,0,0,0,0,0,0,0,0,0,0,0,0,0,0,0,0,0,0,0,0,0,0,0,0,0,0,0,0,0,0,0,0,0,0,0,0,0,0,0,0,0,0,0,0,0,0,0,0,0,0,0,0,0,0,0,0,0,0,0,0,1,0,0
1088762,12761293222,0,0,0,0,0,0,0,0.0,0.0,0.0,0,0,0,0,0,0,0,0,0,0.0,0.0,0.0,0,0,0,0,0,0,0,0,0,0.0,0.0,0,0.0,0.0,0,0.0,0.0,0,0.0,0.0,0,0.0,0.0,0,0,0,0,0,0,0,0,0,0,0,0,0,0,0,0,0,0,0,0,0,0,0,0,0,0,0,0,0,0,0,0,0,0,0,0,0,0,0,0,0,0,0,0,0,0,0,0,0,0,0,0,0,0,0,0,0,0,0,0,1,0,0
1088763,12761301628,0,0,0,0,0,0,0,0.0,0.0,0.0,0,0,0,0,0,0,0,0,0,0.0,0.0,0.0,0,0,0,0,0,0,0,0,0,0.0,0.0,0,0.0,0.0,0,0.0,0.0,0,0.0,0.0,0,0.0,0.0,0,0,0,0,0,0,0,0,0,0,0,0,0,0,0,0,0,0,0,0,0,0,0,0,0,0,0,0,0,0,0,0,0,0,0,0,0,0,0,0,0,0,0,0,0,0,0,0,0,0,0,0,0,0,0,0,0,0,0,0,1,0,0
1088764,12761310563,0,0,0,0,0,0,0,0.0,0.0,0.0,0,0,0,0,0,0,0,0,0,0.0,0.0,0.0,0,0,0,0,0,0,0,0,0,0.0,0.0,0,0.0,0.0,0,0.0,0.0,0,0.0,0.0,0,0.0,0.0,0,0,0,0,0,0,0,0,0,0,0,0,0,0,0,0,0,0,0,0,0,0,0,0,0,0,0,0,0,0,0,0,0,0,0,0,0,0,0,0,0,0,0,0,0,0,0,0,0,0,0,0,0,0,0,0,0,0,0,0,1,0,0
1088765,12761319380,0,0,0,0,0,0,0,0.0,0.0,0.0,0,0,0,0,0,0,0,0,0,0.0,0.0,0.0,0,0,0,0,0,0,0,0,0,0.0,0.0,0,0.0,0.0,0,0.0,0.0,0,0.0,0.0,0,0.0,0.0,0,0,0,0,0,0,0,0,0,0,0,0,0,0,0,0,0,0,0,0,0,0,0,0,0,0,0,0,0,0,0,0,0,0,0,0,0,0,0,0,0,0,0,0,0,0,0,0,0,0,0,0,0,0,0,0,0,0,0,0,1,0,0
1088766,12761327850,0,0,0,0,0,0,0,0.0,0.0,0.0,0,0,0,0,0,0,0,0,0,0.0,0.0,0.0,0,0,0,0,0,0,0,0,0,0.0,0.0,0,0.0,0.0,0,0.0,0.0,0,0.0,0.0,0,0.0,0.0,0,0,0,0,0,0,0,0,0,0,0,0,0,0,0,0,0,0,0,0,0,0,0,0,0,0,0,0,0,0,0,0,0,0,0,0,0,0,0,0,0,0,0,0,0,0,0,0,0,0,0,0,0,0,0,0,0,0,0,0,1,0,0
1088767,12761336289,0,0,0,0,0,0,0,0.0,0.0,0.0,0,0,0,0,0,0,0,0,0,0.0,0.0,0.0,0,0,0,0,0,0,0,0,0,0.0,0.0,0,0.0,0.0,0,0.0,0.0,0,0.0,0.0,0,0.0,0.0,0,0,0,0,0,0,0,0,0,0,0,0,0,0,0,0,0,0,0,0,0,0,0,0,0,0,0,0,0,0,0,0,0,0,0,0,0,0,0,0,0,0,0,0,0,0,0,0,0,0,0,0,0,0,0,0,0,0,0,0,1,0,0
1088768,12761345114,0,0,0,0,0,0,0,0.0,0.0,0.0,0,0,0,0,0,0,0,0,0,0.0,0.0,0.0,0,0,0,0,0,0,0,0,0,0.0,0.0,0,0.0,0.0,0,0.0,0.0,0,0.0,0.0,0,0.0,0.0,0,0,0,0,0,0,0,0,0,0,0,0,0,0,0,0,0,0,0,0,0,0,0,0,0,0,0,0,0,0,0,0,0,0,0,0,0,0,0,0,0,0,0,0,0,0,0,0,0,0,0,0,0,0,0,0,0,0,0,0,1,0,0
1088769,12761353652,0,0,0,0,0,0,0,0.0,0.0,0.0,0,0,0,0,0,0,0,0,0,0.0,0.0,0.0,0,0,0,0,0,0,0,0,0,0.0,0.0,0,0.0,0.0,0,0.0,0.0,0,0.0,0.0,0,0.0,0.0,0,0,0,0,0,0,0,0,0,0,0,0,0,0,0,0,0,0,0,0,0,0,0,0,0,0,0,0,0,0,0,0,0,0,0,0,0,0,0,0,0,0,0,0,0,0,0,0,0,0,0,0,0,0,0,0,0,0,0,0,1,0,0
1088770,12761362488,0,0,0,0,0,0,0,0.0,0.0,0.0,0,0,0,0,0,0,0,0,0,0.0,0.0,0.0,0,0,0,0,0,0,0,0,0,0.0,0.0,0,0.0,0.0,0,0.0,0.0,0,0.0,0.0,0,0.0,0.0,0,0,0,0,0,0,0,0,0,0,0,0,0,0,0,0,0,0,0,0,0,0,0,0,0,0,0,0,0,0,0,0,0,0,0,0,0,0,0,0,0,0,0,0,0,0,0,0,0,0,0,0,0,0,0,0,0,0,0,0,1,0,0
1088771,12761371016,0,0,0,0,0,0,0,0.0,0.0,0.0,0,0,0,0,0,0,0,0,0,0.0,0.0,0.0,0,0,0,0,0,0,0,0,0,0.0,0.0,0,0.0,0.0,0,0.0,0.0,0,0.0,0.0,0,0.0,0.0,0,0,0,0,0,0,0,0,0,0,0,0,0,0,0,0,0,0,0,0,0,0,0,0,0,0,0,0,0,0,0,0,0,0,0,0,0,0,0,0,0,0,0,0,0,0,0,0,0,0,0,0,0,0,0,0,0,0,0,0,1,0,0
1088772,12761379807,0,0,0,0,0,0,0,0.0,0.0,0.0,0,0,0,0,0,0,0,0,0,0.0,0.0,0.0,0,0,0,0,0,0,0,0,0,0.0,0.0,0,0.0,0.0,0,0.0,0.0,0,0.0,0.0,0,0.0,0.0,0,0,0,0,0,0,0,0,0,0,0,0,0,0,0,0,0,0,0,0,0,0,0,0,0,0,0,0,0,0,0,0,0,0,0,0,0,0,0,0,0,0,0,0,0,0,0,0,0,0,0,0,0,0,0,0,0,0,0,0,1,0,0
1088773,12761388347,0,0,0,0,0,0,0,0.0,0.0,0.0,0,0,0,0,0,0,0,0,0,0.0,0.0,0.0,0,0,0,0,0,0,0,0,0,0.0,0.0,0,0.0,0.0,0,0.0,0.0,0,0.0,0.0,0,0.0,0.0,0,0,0,0,0,0,0,0,0,0,0,0,0,0,0,0,0,0,0,0,0,0,0,0,0,0,0,0,0,0,0,0,0,0,0,0,0,0,0,0,0,0,0,0,0,0,0,0,0,0,0,0,0,0,0,0,0,0,0,0,1,0,0
1088774,12761397042,0,0,0,0,0,0,0,0.0,0.0,0.0,0,0,0,0,0,0,0,0,0,0.0,0.0,0.0,0,0,0,0,0,0,0,0,0,0.0,0.0,0,0.0,0.0,0,0.0,0.0,0,0.0,0.0,0,0.0,0.0,0,0,0,0,0,0,0,0,0,0,0,0,0,0,0,0,0,0,0,0,0,0,0,0,0,0,0,0,0,0,0,0,0,0,0,0,0,0,0,0,0,0,0,0,0,0,0,0,0,0,0,0,0,0,0,0,0,0,0,0,1,0,0
1088775,12761405704,0,0,0,0,0,0,0,0.0,0.0,0.0,0,0,0,0,0,0,0,0,0,0.0,0.0,0.0,0,0,0,0,0,0,0,0,0,0.0,0.0,0,0.0,0.0,0,0.0,0.0,0,0.0,0.0,0,0.0,0.0,0,0,0,0,0,0,0,0,0,0,0,0,0,0,0,0,0,0,0,0,0,0,0,0,0,0,0,0,0,0,0,0,0,0,0,0,0,0,0,0,0,0,0,0,0,0,0,0,0,0,0,0,0,0,0,0,0,0,0,0,1,0,0
1088776,12761414456,1,5,0,0,Left hand,76,"(-106.651, 153.187, 157.456)",105.24921384759637,63.61785799295831,154.6506749550099,"(<Leap.Vector; proxy of <Swig Object of type 'Leap::Vector *' at 0x0000000005901C90> >,)","(-115.193, 88.7388, 145.515)","(-191.559, 4.96861, 372.247)",0,0,0,0,0,0,0.0,0.0,0.0,0,0,0,0,0,0,0,0,760,48.9294319152832,19.011703491210938,761,55.21140670776367,18.15997886657715,762,62.908966064453125,17.835512161254883,763,60.4886474609375,16.971620559692383,764,47.42198181152344,15.075520515441896,"(-125.738, 98.7867, 159.493)","(-125.738, 98.7867, 159.493)","(0, 0, 0)","(-125.738, 98.7867, 159.493)","(-127.749, 131.035, 193.439)","(0.0428959, -0.688114, -0.724333)","(-127.749, 131.035, 193.439)","(-121.907, 153.904, 215.062)","(-0.182503, -0.714407, -0.675511)","(-121.907, 153.904, 215.062)","(-110.459, 168.751, 226.522)","(-0.520983, -0.675704, -0.521537)","(-128.855, 114.022, 143.573)","(-123.969, 174.963, 175.717)","(-0.0707389, -0.882286, -0.465367)","(-123.969, 174.963, 175.717)","(-108.942, 192.798, 208.626)","(-0.372557, -0.442184, -0.815889)","(-108.942, 192.798, 208.626)","(-96.2514, 188.482, 226.936)","(-0.559249, 0.190192, -0.806888)","(-96.2514, 188.482, 226.936)","(-87.7159, 177.96, 235.523)","(-0.532112, 0.655973, -0.535309)","(-120.344, 117.629, 136.631)","(-108.349, 176.756, 162.136)","(-0.18313, -0.902692, -0.389371)","(-108.349, 176.756, 162.136)","(-92.3459, 195.154, 200.257)","(-0.353631, -0.406558, -0.842411)","(-92.3459, 195.154, 200.257)","(-81.1701, 182.893, 221.174)","(-0.418607, 0.459261, -0.783484)","(-81.1701, 182.893, 221.174)","(-76.451, 167.158, 227.608)","(-0.267479, 0.891902, -0.364644)","(-110.371, 118.897, 130.978)","(-92.4588, 172.068, 148.6)","(-0.304579, -0.904125, -0.29965)","(-92.4588, 172.068, 148.6)","(-75.3118, 189.882, 182.486)","(-0.408773, -0.424664, -0.807815)","(-75.3118, 189.882, 182.486)","(-67.1371, 175.149, 202.298)","(-0.314317, 0.566459, -0.761793)","(-67.1371, 175.149, 202.298)","(-66.1727, 158.283, 207.018)","(-0.0549784, 0.961547, -0.26908)","(-97.5817, 115.407, 129.305)","(-76.3757, 164.57, 139.154)","(-0.389535, -0.903066, -0.180924)","(-76.3757, 164.57, 139.154)","(-66.0601, 181.326, 165.891)","(-0.310737, -0.504754, -0.805398)","(-66.0601, 181.326, 165.891)","(-62.353, 172.477, 181.548)","(-0.201883, 0.481895, -0.852655)","(-62.353, 172.477, 181.548)","(-62.6163, 157.208, 186.902)","(0.0162696, 0.943539, -0.330863)",1,0,0
1088782,12761466517,1,5,0,0,Left hand,76,"(-87.5934, 163.038, 116.843)",85.77206859811668,68.5475744047153,78.65110453163652,"(<Leap.Vector; proxy of <Swig Object of type 'Leap::Vector *' at 0x00000000058F7390> >,)","(-119.654, 100.847, 122.687)","(-238.579, -46.517, 291.203)",0,0,0,0,0,0,0.0,0.0,0.0,0,0,0,0,0,0,0,0,760,49.50658798217773,18.31492805480957,761,55.86266326904297,17.49441909790039,762,63.65102005004883,17.18184471130371,763,61.20215606689453,16.349613189697266,764,47.98135757446289,14.523004531860352,"(-94.8635, 109.65, 137.452)","(-94.8635, 109.65, 137.452)","(0, 0, 0)","(-94.8635, 109.65, 137.452)","(-71.534, 144.371, 158.584)","(-0.497801, -0.740863, -0.450907)","(-71.534, 144.371, 158.584)","(-52.2139, 169.029, 150.356)","(-0.596516, -0.761337, 0.254036)","(-52.2139, 169.029, 150.356)","(-38.8529, 186.716, 148.649)","(-0.600988, -0.79556, 0.0767949)","(-110.001, 125.775, 134.98)","(-74.2186, 184.766, 138.211)","(-0.518058, -0.854065, -0.0467832)","(-74.2186, 184.766, 138.211)","(-36.9205, 200.119, 131.992)","(-0.913921, -0.376202, 0.152382)","(-36.9205, 200.119, 131.992)","(-14.6525, 202.27, 126.828)","(-0.96986, -0.0936779, 0.224934)","(-14.6525, 202.27, 126.828)","(0.404374, 198.336, 122.22)","(-0.927718, 0.242407, 0.283863)","(-113.763, 129.272, 124.623)","(-82.2175, 186.411, 119.107)","(-0.481599, -0.872336, 0.0842147)","(-82.2175, 186.411, 119.107)","(-37.2597, 193.167, 113.669)","(-0.981897, -0.147555, 0.118765)","(-37.2597, 193.167, 113.669)","(-19.5497, 173.068, 110.198)","(-0.655624, 0.744077, 0.128479)","(-19.5497, 173.068, 110.198)","(-17.6871, 155.36, 108.923)","(-0.10434, 0.991973, 0.0714329)","(-115.996, 130.3, 113.354)","(-90.49, 181.574, 99.9792)","(-0.433712, -0.871879, 0.227422)","(-90.49, 181.574, 99.9792)","(-48.7323, 185.56, 93.5172)","(-0.983871, -0.0939014, 0.152254)","(-48.7323, 185.56, 93.5172)","(-33.4432, 164.145, 93.8863)","(-0.58101, 0.813775, -0.014027)","(-33.4432, 164.145, 93.8863)","(-40.7556, 148.245, 96.8358)","(0.412007, 0.895898, -0.166183)","(-113.878, 126.245, 100.799)","(-94.9916, 173.727, 82.0271)","(-0.346932, -0.8722, 0.344826)","(-94.9916, 173.727, 82.0271)","(-61.5476, 176.704, 81.1143)","(-0.995695, -0.0886188, 0.0271767)","(-61.5476, 176.704, 81.1143)","(-50.2688, 162.202, 83.8837)","(-0.607063, 0.780549, -0.149055)","(-50.2688, 162.202, 83.8837)","(-52.3222, 146.272, 87.0648)","(0.12541, 0.972896, -0.194282)",1,0,0
1088789,12761527307,1,5,0,0,Left hand,76,"(-53.5395, 115.895, 61.5765)",23.980359031273224,22.4504632336766,23.168562010637288,"(<Leap.Vector; proxy of <Swig Object of type 'Leap::Vector *' at 0x00000000059E4300> >,)","(-84.28, 89.1269, 119.603)","(-106.904, -51.3483, 329.392)",0,0,0,0,0,0,0.0,0.0,0.0,0,0,0,0,0,0,0,0,760,49.50658798217773,18.31492805480957,761,55.86266326904297,17.49441909790039,762,63.65102005004883,17.18184471130371,763,61.20215606689453,16.349613189697266,764,47.98135757446289,14.523004531860352,"(-54.1637, 94.4999, 115.146)","(-54.1637, 94.4999, 115.146)","(0, 0, 0)","(-54.1637, 94.4999, 115.146)","(-18.4659, 92.6626, 84.837)","(-0.761713, 0.0392049, 0.646727)","(-18.4659, 92.6626, 84.837)","(-1.52248, 86.7461, 57.8757)","(-0.523136, 0.182673, 0.832442)","(-1.52248, 86.7461, 57.8757)","(3.47166, 79.9401, 37.3091)","(-0.224641, 0.306138, 0.925103)","(-63.7797, 113.046, 107.474)","(-25.6612, 131.956, 53.067)","(-0.551876, -0.273776, 0.787705)","(-25.6612, 131.956, 53.067)","(-1.34136, 139.906, 21.2728)","(-0.595913, -0.194812, 0.779061)","(-1.34136, 139.906, 21.2728)","(13.3756, 137.447, 3.82211)","(-0.640981, 0.107118, 0.760045)","(13.3756, 137.447, 3.82211)","(23.7118, 132.345, -7.60352)","(-0.636857, 0.314361, 0.703981)","(-72.874, 112.87, 100.34)","(-44.0413, 129.102, 43.8096)","(-0.440184, -0.247812, 0.863034)","(-44.0413, 129.102, 43.8096)","(-25.1822, 143.81, 4.76538)","(-0.41189, -0.321213, 0.852742)","(-25.1822, 143.81, 4.76538)","(-10.1114, 142.826, -17.6305)","(-0.55792, 0.0364133, 0.829095)","(-10.1114, 142.826, -17.6305)","(0.733859, 138.186, -31.0285)","(-0.607545, 0.259936, 0.750548)","(-81.9348, 109.738, 93.9266)","(-63.7774, 122.134, 39.3811)","(-0.308749, -0.210778, 0.927495)","(-63.7774, 122.134, 39.3811)","(-40.239, 89.2376, 26.5318)","(-0.554598, 0.77509, 0.302749)","(-40.239, 89.2376, 26.5318)","(-40.6504, 74.9871, 48.6502)","(0.0156338, 0.541539, -0.84053)","(-40.6504, 74.9871, 48.6502)","(-47.298, 75.5989, 65.0953)","(0.374542, -0.0344695, -0.926569)","(-89.6658, 100.069, 88.8983)","(-80.5605, 111.464, 36.4493)","(-0.167256, -0.209309, 0.963439)","(-80.5605, 111.464, 36.4493)","(-60.2442, 87.7605, 24.0565)","(-0.604859, 0.705701, 0.368961)","(-60.2442, 87.7605, 24.0565)","(-54.4673, 80.5557, 40.1782)","(-0.310927, 0.387788, -0.867724)","(-54.4673, 80.5557, 40.1782)","(-57.4205, 83.6698, 55.9794)","(0.180358, -0.190193, -0.965038)",1,0,0
1088795,12761579203,1,5,0,0,Left hand,76,"(-38.6924, 79.6741, 38.3696)",21.81893539790906,-8.045553978612645,32.592904948753585,"(<Leap.Vector; proxy of <Swig Object of type 'Leap::Vector *' at 0x00000000059E4F30> >,)","(-77.1245, 60.5515, 94.5113)","(-118.495, -74.909, 304.739)",0,0,0,0,0,0,0.0,0.0,0.0,0,0,0,0,0,0,0,0,760,49.50658798217773,18.31492805480957,761,55.86266326904297,17.49441909790039,762,63.65102005004883,17.18184471130371,763,61.20215606689453,16.349613189697266,764,47.98135757446289,14.523004531860352,"(-50.2949, 50.6808, 86.8733)","(-50.2949, 50.6808, 86.8733)","(0, 0, 0)","(-50.2949, 50.6808, 86.8733)","(-26.8615, 44.4599, 46.767)","(-0.500017, 0.132742, 0.855782)","(-26.8615, 44.4599, 46.767)","(-21.9091, 41.0716, 14.9395)","(-0.152908, 0.104613, 0.982688)","(-21.9091, 41.0716, 14.9395)","(-25.0541, 39.4795, -7.01088)","(0.141463, 0.0716161, 0.98735)","(-49.2976, 72.6909, 83.7388)","(-6.46174, 81.3768, 30.256)","(-0.620174, -0.125754, 0.77432)","(-6.46174, 81.3768, 30.256)","(8.33109, 85.3918, -7.56717)","(-0.362472, -0.0983782, 0.926788)","(8.33109, 85.3918, -7.56717)","(14.0031, 80.0674, -29.1691)","(-0.247039, 0.231899, 0.940848)","(14.0031, 80.0674, -29.1691)","(17.3281, 74.7249, -44.1296)","(-0.204864, 0.329172, 0.921779)","(-57.2125, 78.4914, 77.6273)","(-23.7426, 89.9067, 22.4919)","(-0.510979, -0.174275, 0.841742)","(-23.7426, 89.9067, 22.4919)","(1.44793, 90.3671, -15.7396)","(-0.550171, -0.0100559, 0.834991)","(1.44793, 90.3671, -15.7396)","(14.0667, 82.0087, -38.1132)","(-0.467147, 0.309428, 0.828268)","(14.0667, 82.0087, -38.1132)","(22.4057, 76.4851, -52.8986)","(-0.467147, 0.309428, 0.828268)","(-66.5815, 81.6229, 71.6732)","(-44.2881, 94.6101, 18.8254)","(-0.379078, -0.220835, 0.898628)","(-44.2881, 94.6101, 18.8254)","(-41.3341, 55.3325, 3.01744)","(-0.0696006, 0.925436, 0.372457)","(-41.3341, 55.3325, 3.01744)","(-52.3055, 42.8974, 23.4494)","(0.416929, 0.472552, -0.776444)","(-52.3055, 42.8974, 23.4494)","(-58.71, 49.3511, 38.692)","(0.360848, -0.363623, -0.858817)","(-78.0768, 78.2814, 65.7373)","(-64.1374, 94.4206, 15.6487)","(-0.256053, -0.296461, 0.92008)","(-64.1374, 94.4206, 15.6487)","(-55.2333, 65.8579, 0.381706)","(-0.265092, 0.850371, 0.454528)","(-55.2333, 65.8579, 0.381706)","(-60.3233, 53.2036, 12.9973)","(0.273961, 0.681094, -0.679011)","(-60.3233, 53.2036, 12.9973)","(-67.269, 53.8287, 27.8116)","(0.424196, -0.0381799, -0.904765)",1,0,0
1088800,12761631235,1,5,0,0,Left hand,76,"(-35.5016, 78.094, 28.4354)",23.004070562935794,-1.3604776490119264,31.30938603022628,"(<Leap.Vector; proxy of <Swig Object of type 'Leap::Vector *' at 0x00000000059F5B70> >,)","(-72.8095, 57.2423, 84.7509)","(-105.415, -72.0352, 300.346)",0,0,0,0,0,0,0.0,0.0,0.0,0,0,0,0,0,0,0,0,760,49.50658798217773,18.31492805480957,761,55.86266326904297,17.49441909790039,762,63.65102005004883,17.18184471130371,763,61.20215606689453,16.349613189697266,764,47.98135757446289,14.523004531860352,"(-44.866, 49.9497, 77.9131)","(-44.866, 49.9497, 77.9131)","(0, 0, 0)","(-44.866, 49.9497, 77.9131)","(-24.0333, 45.3205, 36.1889)","(-0.444524, 0.0987776, 0.890304)","(-24.0333, 45.3205, 36.1889)","(-13.924, 41.8719, 5.61271)","(-0.31213, 0.106475, 0.944054)","(-13.924, 41.8719, 5.61271)","(-13.4748, 39.3072, -16.4659)","(-0.020208, 0.115364, 0.993118)","(-46.1643, 71.7994, 73.8918)","(-3.48797, 82.9293, 20.7352)","(-0.617864, -0.161138, 0.769597)","(-3.48797, 82.9293, 20.7352)","(10.5471, 80.6638, -17.5195)","(-0.343904, 0.0555128, 0.937363)","(10.5471, 80.6638, -17.5195)","(16.7494, 73.3272, -38.373)","(-0.270135, 0.319538, 0.908253)","(16.7494, 73.3272, -38.373)","(20.2671, 65.7853, -52.3071)","(-0.216738, 0.464689, 0.858539)","(-54.5351, 76.4714, 67.431)","(-21.4293, 89.2417, 12.3729)","(-0.505419, -0.194962, 0.84056)","(-21.4293, 89.2417, 12.3729)","(4.97324, 84.2374, -24.6984)","(-0.576643, 0.109296, 0.809653)","(4.97324, 84.2374, -24.6984)","(19.6947, 76.9067, -46.1276)","(-0.54499, 0.271383, 0.793308)","(19.6947, 76.9067, -46.1276)","(27.2286, 66.1942, -58.2577)","(-0.422041, 0.600108, 0.679523)","(-64.0695, 78.342, 61.2156)","(-42.2858, 91.5631, 8.2134)","(-0.370411, -0.224812, 0.901252)","(-42.2858, 91.5631, 8.2134)","(-34.4528, 52.6285, -6.75589)","(-0.184558, 0.917356, 0.352698)","(-34.4528, 52.6285, -6.75589)","(-42.9183, 35.206, 11.056)","(0.321702, 0.662077, -0.676876)","(-42.9183, 35.206, 11.056)","(-50.6791, 37.2105, 26.8913)","(0.437265, -0.112939, -0.892213)","(-75.0271, 73.5545, 55.2529)","(-61.9372, 89.1178, 4.75458)","(-0.240449, -0.285883, 0.927607)","(-61.9372, 89.1178, 4.75458)","(-49.1968, 62.0736, -10.5584)","(-0.379308, 0.805159, 0.455899)","(-49.1968, 62.0736, -10.5584)","(-51.7799, 47.2479, 0.337432)","(0.139033, 0.797966, -0.586448)","(-51.7799, 47.2479, 0.337432)","(-57.9299, 42.2351, 14.6604)","(0.3756, 0.306152, -0.874755)",1,0,0
1088807,12761692077,1,5,0,0,Left hand,76,"(-35.0579, 76.8226, 24.6122)",18.545037860304205,5.406377817136416,30.759118663510208,"(<Leap.Vector; proxy of <Swig Object of type 'Leap::Vector *' at 0x0000000005A0E7E0> >,)","(-72.9682, 59.9499, 81.8706)","(-106.002, -44.4888, 310.471)",0,0,0,0,0,0,0.0,0.0,0.0,0,0,0,0,0,0,0,0,760,49.50658798217773,18.31492805480957,761,55.86266326904297,17.49441909790039,762,63.65102005004883,17.18184471130371,763,61.20215606689453,16.349613189697266,764,47.98135757446289,14.523004531860352,"(-44.014, 54.9437, 77.233)","(-44.014, 54.9437, 77.233)","(0, 0, 0)","(-44.014, 54.9437, 77.233)","(-12.3473, 48.371, 43.316)","(-0.675699, 0.140247, 0.723714)","(-12.3473, 48.371, 43.316)","(2.64314, 41.949, 15.3332)","(-0.462836, 0.198282, 0.863983)","(2.64314, 41.949, 15.3332)","(7.94042, 36.6169, -5.5894)","(-0.238277, 0.239842, 0.941116)","(-47.3025, 75.7638, 70.0936)","(-3.34775, 83.9386, 17.4445)","(-0.636372, -0.118354, 0.762248)","(-3.34775, 83.9386, 17.4445)","(14.1339, 79.0436, -19.1064)","(-0.428356, 0.119944, 0.895614)","(14.1339, 79.0436, -19.1064)","(22.9551, 70.5851, -38.5436)","(-0.384197, 0.368401, 0.846566)","(22.9551, 70.5851, -38.5436)","(27.8884, 60.5376, -50.2962)","(-0.303959, 0.619069, 0.724129)","(-55.7661, 78.578, 62.739)","(-21.3908, 87.0835, 7.63493)","(-0.524801, -0.129851, 0.841263)","(-21.3908, 87.0835, 7.63493)","(5.23925, 76.7481, -28.1484)","(-0.58161, 0.225728, 0.781522)","(5.23925, 76.7481, -28.1484)","(17.2185, 57.0601, -42.2392)","(-0.443472, 0.72885, 0.521641)","(17.2185, 57.0601, -42.2392)","(17.8985, 39.279, -40.8163)","(-0.0380918, 0.99609, -0.0797096)","(-65.1161, 78.5434, 55.9854)","(-42.1396, 86.5677, 2.44798)","(-0.390693, -0.136445, 0.910352)","(-42.1396, 86.5677, 2.44798)","(-31.6187, 45.7427, -2.44767)","(-0.247888, 0.961897, 0.115348)","(-31.6187, 45.7427, -2.44767)","(-40.5644, 33.1683, 18.8673)","(0.33995, 0.477845, -0.809999)","(-40.5644, 33.1683, 18.8673)","(-49.3233, 37.7747, 33.6005)","(0.493506, -0.259539, -0.830115)","(-75.2223, 71.8359, 50.3805)","(-61.2461, 81.5839, -1.32334)","(-0.25673, -0.179061, 0.949751)","(-61.2461, 81.5839, -1.32334)","(-46.3412, 52.3913, -8.66034)","(-0.443747, 0.869122, 0.218438)","(-46.3412, 52.3913, -8.66034)","(-49.6607, 41.5798, 6.08028)","(0.178662, 0.581908, -0.793387)","(-49.6607, 41.5798, 6.08028)","(-57.0363, 41.5118, 20.6985)","(0.450454, 0.00415236, -0.89279)",1,0,0
1088811,12761744150,1,5,0,0,Left hand,76,"(-34.678, 75.1829, 24.5753)",18.11717431513273,5.419623261638975,31.07699225609849,"(<Leap.Vector; proxy of <Swig Object of type 'Leap::Vector *' at 0x0000000005A1A420> >,)","(-72.7655, 58.3033, 81.5911)","(-101.671, -56.0677, 305.958)",0,0,0,0,0,0,0.0,0.0,0.0,0,0,0,0,0,0,0,0,760,49.50658798217773,18.31492805480957,761,55.86266326904297,17.49441909790039,762,63.65102005004883,17.18184471130371,763,61.20215606689453,16.349613189697266,764,47.98135757446289,14.523004531860352,"(-43.9987, 53.7324, 77.309)","(-43.9987, 53.7324, 77.309)","(0, 0, 0)","(-43.9987, 53.7324, 77.309)","(-12.6014, 47.6248, 43.0562)","(-0.669949, 0.130323, 0.730879)","(-12.6014, 47.6248, 43.0562)","(-0.509802, 40.8365, 13.7866)","(-0.373335, 0.20959, 0.903711)","(-0.509802, 40.8365, 13.7866)","(0.569773, 35.0375, -7.64816)","(-0.0485603, 0.260848, 0.964158)","(-47.2139, 74.4997, 69.9844)","(-2.91337, 82.2016, 17.5543)","(-0.641379, -0.111507, 0.759078)","(-2.91337, 82.2016, 17.5543)","(14.6125, 78.0046, -19.0622)","(-0.429439, 0.102838, 0.897222)","(14.6125, 78.0046, -19.0622)","(23.4494, 69.6108, -38.5203)","(-0.384882, 0.365583, 0.847476)","(23.4494, 69.6108, -38.5203)","(28.393, 59.5493, -50.2565)","(-0.3046, 0.619935, 0.723118)","(-55.6267, 77.2664, 62.5539)","(-20.8892, 85.2918, 7.60511)","(-0.530329, -0.122522, 0.838892)","(-20.8892, 85.2918, 7.60511)","(5.59658, 74.8232, -28.2464)","(-0.578461, 0.228638, 0.783012)","(5.59658, 74.8232, -28.2464)","(16.958, 54.0842, -41.3034)","(-0.420598, 0.767757, 0.48337)","(16.958, 54.0842, -41.3034)","(16.4013, 36.548, -38.0125)","(0.031183, 0.982365, -0.184353)","(-64.9334, 77.1903, 55.7411)","(-41.6052, 84.7615, 2.28991)","(-0.396674, -0.12874, 0.908887)","(-41.6052, 84.7615, 2.28991)","(-31.1075, 43.8856, -2.21565)","(-0.247341, 0.963095, 0.106158)","(-31.1075, 43.8856, -2.21565)","(-40.2223, 31.5317, 19.1565)","(0.346376, 0.469465, -0.812174)","(-40.2223, 31.5317, 19.1565)","(-49.0653, 36.081, 33.8572)","(0.498241, -0.25632, -0.828285)","(-75.0126, 70.4516, 50.125)","(-60.6938, 79.7724, -1.56392)","(-0.263022, -0.171214, 0.949476)","(-60.6938, 79.7724, -1.56392)","(-45.821, 50.4582, -8.46818)","(-0.442796, 0.872742, 0.205554)","(-45.821, 50.4582, -8.46818)","(-49.3083, 39.8681, 6.39388)","(0.187699, 0.569994, -0.799922)","(-49.3083, 39.8681, 6.39388)","(-56.9208, 40.4305, 20.8794)","(0.464926, -0.0343472, -0.884683)",1,0,0
1088819,12761813508,1,5,0,0,Left hand,76,"(-34.9695, 74.5183, 26.0242)",22.073264324812385,-10.106375754517387,34.80902473762967,"(<Leap.Vector; proxy of <Swig Object of type 'Leap::Vector *' at 0x0000000005A1AC00> >,)","(-74.3801, 55.3303, 81.0614)","(-98.1457, -90.8655, 286.777)",0,0,0,0,0,0,0.0,0.0,0.0,0,0,0,0,0,0,0,0,760,49.50658798217773,18.31492805480957,761,55.86266326904297,17.49441909790039,762,63.65102005004883,17.18184471130371,763,61.20215606689453,16.349613189697266,764,47.98135757446289,14.523004531860352,"(-48.9164, 44.8912, 73.5169)","(-48.9164, 44.8912, 73.5169)","(0, 0, 0)","(-48.9164, 44.8912, 73.5169)","(-22.0217, 40.2662, 35.4168)","(-0.573875, 0.0986858, 0.812975)","(-22.0217, 40.2662, 35.4168)","(-11.3995, 37.8762, 4.9134)","(-0.327963, 0.0737935, 0.941804)","(-11.3995, 37.8762, 4.9134)","(-13.9297, 37.3757, -17.1681)","(0.113811, 0.0225136, 0.993247)","(-46.8741, 66.9047, 70.9677)","(-2.52358, 74.9703, 18.6346)","(-0.642102, -0.116774, 0.757674)","(-2.52358, 74.9703, 18.6346)","(16.1198, 74.5535, -17.6667)","(-0.456823, 0.0102133, 0.889499)","(16.1198, 74.5535, -17.6667)","(23.9263, 68.4792, -38.3869)","(-0.340001, 0.26456, 0.902445)","(23.9263, 68.4792, -38.3869)","(27.1597, 60.4576, -52.1205)","(-0.199227, 0.494248, 0.846184)","(-54.3867, 73.2035, 64.8419)","(-19.233, 84.4564, 10.7303)","(-0.536685, -0.171796, 0.826109)","(-19.233, 84.4564, 10.7303)","(4.74662, 80.3274, -28.0556)","(-0.523724, 0.0901774, 0.847101)","(4.74662, 80.3274, -28.0556)","(16.5995, 71.1945, -50.545)","(-0.438795, 0.3381, 0.832555)","(16.5995, 71.1945, -50.545)","(21.6711, 60.0638, -63.5466)","(-0.284105, 0.623538, 0.728343)","(-63.4736, 76.8983, 58.7745)","(-39.4635, 90.1669, 6.75514)","(-0.40827, -0.22562, 0.88454)","(-39.4635, 90.1669, 6.75514)","(-37.4899, 51.5363, -10.7126)","(-0.0464986, 0.910194, 0.411565)","(-37.4899, 51.5363, -10.7126)","(-48.9329, 35.7132, 6.92709)","(0.434849, 0.601299, -0.670333)","(-48.9329, 35.7132, 6.92709)","(-56.884, 35.0288, 22.78)","(0.447992, 0.0385603, -0.893206)","(-74.9719, 74.2238, 52.5153)","(-59.2265, 90.9477, 3.15902)","(-0.289228, -0.307202, 0.906628)","(-59.2265, 90.9477, 3.15902)","(-51.0936, 62.6256, -12.9626)","(-0.242134, 0.843205, 0.479975)","(-51.0936, 62.6256, -12.9626)","(-56.879, 49.5321, -1.11854)","(0.31139, 0.704732, -0.637487)","(-56.879, 49.5321, -1.11854)","(-63.9515, 45.997, 13.2195)","(0.431944, 0.215903, -0.875677)",1,0,0
1088826,12761874032,1,5,0,0,Left hand,76,"(-35.5882, 71.7989, 26.7666)",21.41435938298457,-6.442348906024904,33.498523156471265,"(<Leap.Vector; proxy of <Swig Object of type 'Leap::Vector *' at 0x0000000005A23CC0> >,)","(-73.8555, 52.183, 82.2706)","(-85.7275, -101.077, 283.832)",0,0,0,0,0,0,0.0,0.0,0.0,0,0,0,0,0,0,0,0,760,49.50658798217773,18.31492805480957,761,55.86266326904297,17.49441909790039,762,63.65102005004883,17.18184471130371,763,61.20215606689453,16.349613189697266,764,47.98135757446289,14.523004531860352,"(-47.9136, 43.6465, 75.5864)","(-47.9136, 43.6465, 75.5864)","(0, 0, 0)","(-47.9136, 43.6465, 75.5864)","(-20.7699, 38.9755, 37.6688)","(-0.579188, 0.0996686, 0.809078)","(-20.7699, 38.9755, 37.6688)","(-9.25829, 35.8506, 7.55713)","(-0.355426, 0.0964837, 0.929711)","(-9.25829, 35.8506, 7.55713)","(-12.4432, 34.2468, -14.3867)","(0.143262, 0.0721408, 0.987052)","(-47.1756, 65.5993, 72.0093)","(-3.20113, 73.8375, 19.3866)","(-0.636658, -0.119272, 0.761867)","(-3.20113, 73.8375, 19.3866)","(18.3614, 72.8607, -15.2492)","(-0.528351, 0.0239358, 0.848688)","(18.3614, 72.8607, -15.2492)","(28.6481, 67.4951, -35.0623)","(-0.448025, 0.233693, 0.862938)","(28.6481, 67.4951, -35.0623)","(34.0074, 60.0953, -48.4763)","(-0.33021, 0.455934, 0.82649)","(-55.0283, 71.1459, 65.5896)","(-20.4176, 81.931, 11.0346)","(-0.528394, -0.164654, 0.83288)","(-20.4176, 81.931, 11.0346)","(3.38222, 80.628, -28.0588)","(-0.519797, 0.0284576, 0.853816)","(3.38222, 80.628, -28.0588)","(16.0518, 73.731, -50.897)","(-0.469029, 0.255329, 0.84547)","(16.0518, 73.731, -50.897)","(23.2557, 65.8203, -65.1863)","(-0.403557, 0.443148, 0.800475)","(-64.2976, 74.0049, 59.3494)","(-40.9379, 86.2338, 6.7819)","(-0.397209, -0.20794, 0.89386)","(-40.9379, 86.2338, 6.7819)","(-36.826, 46.8333, -8.45096)","(-0.0968822, 0.928331, 0.358908)","(-36.826, 46.8333, -8.45096)","(-47.7086, 32.6187, 10.8359)","(0.413553, 0.540175, -0.73293)","(-47.7086, 32.6187, 10.8359)","(-55.6591, 32.2224, 26.699)","(0.447956, 0.0223295, -0.893777)","(-75.5945, 70.3602, 53.2144)","(-60.6998, 85.6665, 3.13932)","(-0.273602, -0.281161, 0.919832)","(-60.6998, 85.6665, 3.13932)","(-50.548, 57.5827, -12.2371)","(-0.302239, 0.836112, 0.457787)","(-50.548, 57.5827, -12.2371)","(-55.4061, 44.3034, -0.185036)","(0.26148, 0.714734, -0.648678)","(-55.4061, 44.3034, -0.185036)","(-62.2029, 40.1969, 14.1341)","(0.415103, 0.250799, -0.874522)",1,0,0
1088833,12761934744,1,5,0,0,Left hand,76,"(-35.5529, 71.2655, 28.2392)",23.267734650996204,-8.999189270529655,33.817977937870864,"(<Leap.Vector; proxy of <Swig Object of type 'Leap::Vector *' at 0x0000000005A2D930> >,)","(-73.4936, 49.7, 83.1193)","(-81.9707, -117.764, 273.227)",0,0,0,0,0,0,0.0,0.0,0.0,0,0,0,0,0,0,0,0,760,49.50658798217773,18.31492805480957,761,55.86266326904297,17.49441909790039,762,63.65102005004883,17.18184471130371,763,61.20215606689453,16.349613189697266,764,47.98135757446289,14.523004531860352,"(-48.1715, 40.8885, 75.6296)","(-48.1715, 40.8885, 75.6296)","(0, 0, 0)","(-48.1715, 40.8885, 75.6296)","(-20.1939, 36.8787, 38.2462)","(-0.59698, 0.0855598, 0.79768)","(-20.1939, 36.8787, 38.2462)","(-8.36528, 34.7154, 8.17297)","(-0.365214, 0.0667941, 0.928524)","(-8.36528, 34.7154, 8.17297)","(-14.1925, 34.5913, -13.281)","(0.262112, 0.00558023, 0.965021)","(-46.7317, 62.9684, 73.248)","(-3.21795, 72.6255, 20.4838)","(-0.629988, -0.139814, 0.763916)","(-3.21795, 72.6255, 20.4838)","(19.2368, 72.6432, -13.5944)","(-0.550213, -0.000435581, 0.835024)","(19.2368, 72.6432, -13.5944)","(29.6274, 67.5222, -33.418)","(-0.452549, 0.22304, 0.863396)","(29.6274, 67.5222, -33.418)","(34.3744, 59.6896, -46.8169)","(-0.292486, 0.482602, 0.825559)","(-54.4763, 69.1201, 67.2631)","(-20.2591, 81.7382, 12.8532)","(-0.522387, -0.192638, 0.830664)","(-20.2591, 81.7382, 12.8532)","(2.86166, 81.8291, -26.6669)","(-0.504967, -0.00198505, 0.863137)","(2.86166, 81.8291, -26.6669)","(14.8782, 75.6413, -50.0547)","(-0.444852, 0.229072, 0.865814)","(14.8782, 75.6413, -50.0547)","(21.2155, 67.4948, -64.6194)","(-0.355012, 0.456358, 0.815907)","(-63.7261, 72.6272, 61.3322)","(-40.676, 86.9521, 9.15891)","(-0.391945, -0.243582, 0.887157)","(-40.676, 86.9521, 9.15891)","(-37.7857, 48.6412, -8.87615)","(-0.0680994, 0.90266, 0.424932)","(-37.7857, 48.6412, -8.87615)","(-48.7353, 32.9728, 9.20916)","(0.416098, 0.59542, -0.687268)","(-48.7353, 32.9728, 9.20916)","(-56.3399, 33.2116, 25.244)","(0.42847, -0.0134498, -0.903456)","(-75.2231, 69.7061, 55.1817)","(-60.4932, 87.2471, 5.79557)","(-0.270574, -0.322212, 0.907176)","(-60.4932, 87.2471, 5.79557)","(-51.2392, 60.1651, -11.7863)","(-0.27551, 0.806286, 0.523447)","(-51.2392, 60.1651, -11.7863)","(-56.5044, 46.5712, -0.267684)","(0.283387, 0.731666, -0.619965)","(-56.5044, 46.5712, -0.267684)","(-63.1987, 41.3837, 13.7456)","(0.408849, 0.316824, -0.855842)",1,0,0
1088839,12761986811,1,5,0,0,Left hand,76,"(-33.731, 71.224, 28.4076)",17.407182972811484,5.903120832683726,30.617634708296464,"(<Leap.Vector; proxy of <Swig Object of type 'Leap::Vector *' at 0x0000000005A355A0> >,)","(-70.6185, 53.4002, 85.406)","(-74.5154, -91.3362, 293.476)",0,0,0,0,0,0,0.0,0.0,0.0,0,0,0,0,0,0,0,0,760,49.50658798217773,18.31492805480957,761,55.86266326904297,17.49441909790039,762,63.65102005004883,17.18184471130371,763,61.20215606689453,16.349613189697266,764,47.98135757446289,14.523004531860352,"(-42.6717, 50.5892, 81.5311)","(-42.6717, 50.5892, 81.5311)","(0, 0, 0)","(-42.6717, 50.5892, 81.5311)","(-14.5996, 44.4804, 44.5044)","(-0.598998, 0.130348, 0.79007)","(-14.5996, 44.4804, 44.5044)","(-7.72357, 36.9689, 13.7588)","(-0.2123, 0.23192, 0.949285)","(-7.72357, 36.9689, 13.7588)","(-12.1843, 30.5329, -7.04811)","(0.20065, 0.289496, 0.935912)","(-46.1131, 71.1959, 73.8641)","(-2.05917, 78.4294, 21.1601)","(-0.637808, -0.104726, 0.763042)","(-2.05917, 78.4294, 21.1601)","(17.7308, 76.1648, -14.4596)","(-0.484918, 0.0554917, 0.872797)","(17.7308, 76.1648, -14.4596)","(27.8023, 68.0807, -33.4432)","(-0.438652, 0.352095, 0.826809)","(27.8023, 68.0807, -33.4432)","(33.0827, 57.1559, -44.2219)","(-0.325347, 0.67312, 0.664122)","(-54.5764, 73.7534, 66.416)","(-20.0963, 81.1744, 11.2207)","(-0.526399, -0.113296, 0.842655)","(-20.0963, 81.1744, 11.2207)","(7.75267, 74.9104, -24.579)","(-0.608234, 0.136809, 0.781879)","(7.75267, 74.9104, -24.579)","(23.0849, 62.1647, -42.8037)","(-0.567599, 0.471846, 0.67468)","(23.0849, 62.1647, -42.8037)","(30.9744, 48.4298, -51.0356)","(-0.441964, 0.769425, 0.461143)","(-63.9038, 73.4705, 59.6371)","(-40.8232, 80.3523, 5.98563)","(-0.392464, -0.117019, 0.912293)","(-40.8232, 80.3523, 5.98563)","(-29.5381, 39.7063, 1.30713)","(-0.265893, 0.957679, 0.110232)","(-29.5381, 39.7063, 1.30713)","(-37.3277, 25.148, 21.7973)","(0.296017, 0.553237, -0.778655)","(-37.3277, 25.148, 21.7973)","(-46.0049, 27.5022, 37.0999)","(0.488899, -0.132643, -0.862197)","(-73.9348, 66.5392, 54.1711)","(-59.8746, 75.1131, 2.28231)","(-0.258274, -0.157494, 0.953148)","(-59.8746, 75.1131, 2.28231)","(-43.6888, 47.2303, -7.13931)","(-0.481882, 0.830126, 0.280501)","(-43.6888, 47.2303, -7.13931)","(-45.512, 34.5512, 6.31833)","(0.0981287, 0.682432, -0.724332)","(-45.512, 34.5512, 6.31833)","(-51.7242, 31.0558, 21.059)","(0.379401, 0.213475, -0.900269)",1,0,0
1088846,12762047527,1,5,0,0,Left hand,76,"(-27.1889, 67.7486, 27.0651)",-6.378933160162035,-11.034466992414025,35.95853192798245,"(<Leap.Vector; proxy of <Swig Object of type 'Leap::Vector *' at 0x0000000005A358A0> >,)","(-69.1804, 73.0217, 82.1287)","(-93.5335, -53.7115, 300.309)",0,0,0,0,0,0,0.0,0.0,0.0,0,0,0,0,0,0,0,0,760,49.50658798217773,18.31492805480957,761,55.86266326904297,17.49441909790039,762,63.65102005004883,17.18184471130371,763,61.20215606689453,16.349613189697266,764,47.98135757446289,14.523004531860352,"(-44.4235, 63.2805, 81.9363)","(-44.4235, 63.2805, 81.9363)","(0, 0, 0)","(-44.4235, 63.2805, 81.9363)","(-17.7602, 40.5371, 50.8212)","(-0.568937, 0.485295, 0.663928)","(-17.7602, 40.5371, 50.8212)","(-16.6478, 24.7855, 22.5432)","(-0.0343456, 0.486336, 0.873097)","(-16.6478, 24.7855, 22.5432)","(-24.5006, 16.09, 3.64964)","(0.353228, 0.391135, 0.849849)","(-41.0053, 81.6825, 69.8968)","(5.45449, 63.5974, 22.0931)","(-0.67264, 0.261833, 0.692098)","(5.45449, 63.5974, 22.0931)","(22.0263, 48.673, -12.0855)","(-0.406063, 0.365695, 0.837484)","(22.0263, 48.673, -12.0855)","(27.6021, 33.2362, -28.1409)","(-0.242846, 0.672336, 0.699278)","(27.6021, 33.2362, -28.1409)","(26.6497, 17.8686, -33.2736)","(0.0586822, 0.94686, 0.316248)","(-47.9268, 84.818, 61.1846)","(-10.3961, 69.1186, 9.848)","(-0.572973, 0.239679, 0.783745)","(-10.3961, 69.1186, 9.848)","(17.6241, 53.2997, -22.7258)","(-0.611973, 0.345492, 0.711424)","(17.6241, 53.2997, -22.7258)","(34.155, 43.9671, -41.9431)","(-0.611973, 0.345492, 0.711424)","(34.155, 43.9671, -41.9431)","(43.9915, 34.4524, -53.4047)","(-0.551037, 0.533011, 0.642072)","(-56.5741, 85.7173, 53.605)","(-30.1123, 73.1783, 2.60399)","(-0.449958, 0.213214, 0.867224)","(-30.1123, 73.1783, 2.60399)","(-29.4367, 30.7582, 3.79723)","(-0.0159174, 0.999478, -0.0281145)","(-29.4367, 30.7582, 3.79723)","(-41.7744, 21.6213, 25.1693)","(0.468851, 0.347216, -0.81217)","(-41.7744, 21.6213, 25.1693)","(-48.9462, 33.081, 36.6691)","(0.404081, -0.645675, -0.647937)","(-67.9959, 80.9414, 48.5777)","(-49.6649, 72.9956, -2.06302)","(-0.336724, 0.145956, 0.930223)","(-49.6649, 72.9956, -2.06302)","(-42.6999, 40.1582, -3.23993)","(-0.207361, 0.977637, 0.035039)","(-42.6999, 40.1582, -3.23993)","(-48.7165, 31.4761, 12.0445)","(0.323829, 0.467299, -0.822658)","(-48.7165, 31.4761, 12.0445)","(-56.3353, 39.6338, 24.0237)","(0.465311, -0.498223, -0.731614)",1,0,0
1088853,12762108283,1,5,0,0,Left hand,76,"(-40.4778, 98.8976, 22.9944)",8.794641324199404,19.39595308232072,34.39756047684682,"(<Leap.Vector; proxy of <Swig Object of type 'Leap::Vector *' at 0x0000000005A3FD80> >,)","(-82.9046, 89.3613, 78.4499)","(-116.475, 8.31088, 316.275)",0,0,0,0,0,0,0.0,0.0,0.0,0,0,0,0,0,0,0,0,760,49.50658798217773,18.31492805480957,761,55.86266326904297,17.49441909790039,762,63.65102005004883,17.18184471130371,763,61.20215606689453,16.349613189697266,764,47.98135757446289,14.523004531860352,"(-53.7879, 92.5555, 78.7659)","(-53.7879, 92.5555, 78.7659)","(0, 0, 0)","(-53.7879, 92.5555, 78.7659)","(-8.59204, 97.1844, 67.2662)","(-0.964382, -0.0987723, 0.24538)","(-8.59204, 97.1844, 67.2662)","(21.6002, 97.2544, 55.5434)","(-0.932197, -0.00216103, 0.361946)","(21.6002, 97.2544, 55.5434)","(40.8918, 94.8376, 44.762)","(-0.867755, 0.108714, 0.484956)","(-59.9835, 108.69, 64.7465)","(-10.1502, 111.214, 16.9861)","(-0.721481, -0.0365301, 0.69147)","(-10.1502, 111.214, 16.9861)","(18.5107, 102.852, -10.8378)","(-0.702285, 0.204888, 0.681774)","(18.5107, 102.852, -10.8378)","(33.0459, 87.5727, -19.9173)","(-0.633063, 0.66547, 0.395449)","(33.0459, 87.5727, -19.9173)","(38.279, 72.2567, -18.7128)","(-0.322431, 0.943679, -0.0742145)","(-67.4295, 106.915, 56.0836)","(-26.4615, 106.591, 4.9761)","(-0.62545, 0.00494477, 0.780248)","(-26.4615, 106.591, 4.9761)","(1.84071, 103.465, -30.8797)","(-0.618132, 0.0682664, 0.783105)","(1.84071, 103.465, -30.8797)","(20.4805, 93.3319, -47.5993)","(-0.690044, 0.375135, 0.618961)","(20.4805, 93.3319, -47.5993)","(32.2709, 81.1942, -53.2842)","(-0.660495, 0.679947, 0.318463)","(-75.2493, 102.482, 48.8563)","(-45.4333, 99.3318, -1.73668)","(-0.506992, 0.0535611, 0.860285)","(-45.4333, 99.3318, -1.73668)","(-18.4316, 83.822, -30.5759)","(-0.636198, 0.365433, 0.679493)","(-18.4316, 83.822, -30.5759)","(-1.60734, 64.6469, -37.0354)","(-0.639347, 0.728683, 0.24547)","(-1.60734, 64.6469, -37.0354)","(9.74004, 51.7139, -41.3921)","(-0.639347, 0.728683, 0.24547)","(-82.6279, 92.0764, 44.8781)","(-62.1532, 88.8097, -5.45835)","(-0.376102, 0.0600052, 0.924633)","(-62.1532, 88.8097, -5.45835)","(-38.4424, 66.5588, -13.8778)","(-0.705917, 0.662456, 0.250665)","(-38.4424, 66.5588, -13.8778)","(-26.6008, 52.4131, -11.6718)","(-0.637355, 0.761367, -0.118736)","(-26.6008, 52.4131, -11.6718)","(-16.165, 39.9467, -9.72767)","(-0.637355, 0.761367, -0.118736)",1,0,0
1088860,12762168913,1,5,0,0,Left hand,76,"(-41.6725, 112.394, 18.8729)",16.224136138147855,47.14705469269802,28.801716198130407,"(<Leap.Vector; proxy of <Swig Object of type 'Leap::Vector *' at 0x0000000005A469F0> >,)","(-80.5207, 92.6348, 75.323)","(-176.264, 32.9439, 302.319)",0,0,0,0,0,0,0.0,0.0,0.0,0,0,0,0,0,0,0,0,760,49.50658798217773,18.31492805480957,761,55.86266326904297,17.49441909790039,762,63.65102005004883,17.18184471130371,763,61.20215606689453,16.349613189697266,764,47.98135757446289,14.523004531860352,"(-52.3521, 108.817, 75.4503)","(-52.3521, 108.817, 75.4503)","(0, 0, 0)","(-52.3521, 108.817, 75.4503)","(-9.25173, 125.145, 66.959)","(-0.919669, -0.348399, 0.181185)","(-9.25173, 125.145, 66.959)","(20.8002, 129.69, 55.769)","(-0.927866, -0.14035, 0.345496)","(20.8002, 129.69, 55.769)","(40.8211, 129.852, 46.1055)","(-0.90056, -0.0072884, 0.434671)","(-64.7533, 118.202, 59.5318)","(-20.0408, 136.083, 10.0158)","(-0.647343, -0.258878, 0.716888)","(-20.0408, 136.083, 10.0158)","(11.6996, 136.661, -15.6308)","(-0.777742, -0.0141685, 0.628424)","(11.6996, 136.661, -15.6308)","(31.4028, 125.137, -18.1075)","(-0.858152, 0.501936, 0.107869)","(31.4028, 125.137, -18.1075)","(40.9314, 113.358, -12.2857)","(-0.587101, 0.725703, -0.358704)","(-70.3223, 112.026, 51.5015)","(-32.1193, 122.911, -0.580385)","(-0.583236, -0.166179, 0.795123)","(-32.1193, 122.911, -0.580385)","(-0.291416, 124.619, -33.4512)","(-0.695134, -0.0373114, 0.717911)","(-0.291416, 124.619, -33.4512)","(24.2981, 115.22, -39.5078)","(-0.910304, 0.347956, 0.224216)","(24.2981, 115.22, -39.5078)","(38.1229, 105.181, -34.3354)","(-0.774459, 0.562367, -0.289753)","(-75.0645, 103.548, 45.2825)","(-45.5356, 106.977, -5.46045)","(-0.502112, -0.0583101, 0.862835)","(-45.5356, 106.977, -5.46045)","(-19.5884, 107.565, -39.0423)","(-0.611352, -0.0138539, 0.791238)","(-19.5884, 107.565, -39.0423)","(4.39127, 97.6582, -43.4341)","(-0.911263, 0.376492, 0.166892)","(4.39127, 97.6582, -43.4341)","(17.7486, 88.3883, -36.3167)","(-0.752594, 0.522293, -0.401013)","(-76.8083, 90.4803, 43.1079)","(-55.5584, 89.6202, -7.00548)","(-0.39034, 0.0157994, 0.920535)","(-55.5584, 89.6202, -7.00548)","(-31.6945, 81.8363, -29.3239)","(-0.710478, 0.231744, 0.664467)","(-31.6945, 81.8363, -29.3239)","(-14.4715, 74.9144, -30.1305)","(-0.926993, 0.372558, 0.0434084)","(-14.4715, 74.9144, -30.1305)","(-0.538324, 68.7481, -24.1355)","(-0.850953, 0.376599, -0.366133)",1,0,0
1088868,12762238304,1,5,0,0,Left hand,76,"(-39.2518, 122.528, 12.7362)",18.57251912675053,68.07702217673295,29.390970285083995,"(<Leap.Vector; proxy of <Swig Object of type 'Leap::Vector *' at 0x0000000005A7A660> >,)","(-79.2312, 97.1986, 66.4511)","(-239.985, 17.0605, 245.317)",0,0,0,0,0,0,0.0,0.0,0.0,0,0,0,0,0,0,0,0,760,49.50658798217773,18.31492805480957,761,55.86266326904297,17.49441909790039,762,63.65102005004883,17.18184471130371,763,61.20215606689453,16.349613189697266,764,47.98135757446289,14.523004531860352,"(-55.7418, 122.815, 68.0158)","(-55.7418, 122.815, 68.0158)","(0, 0, 0)","(-55.7418, 122.815, 68.0158)","(-13.3015, 138.814, 56.2177)","(-0.905583, -0.341384, 0.251746)","(-13.3015, 138.814, 56.2177)","(16.5378, 139.399, 43.6371)","(-0.921301, -0.0180548, 0.388431)","(16.5378, 139.399, 43.6371)","(34.4042, 131.707, 32.8727)","(-0.803649, 0.345982, 0.484194)","(-68.2501, 125.232, 49.7685)","(-25.5618, 150.858, 1.89579)","(-0.618036, -0.371011, 0.693096)","(-25.5618, 150.858, 1.89579)","(-1.65739, 166.201, -27.4081)","(-0.585735, -0.375946, 0.718038)","(-1.65739, 166.201, -27.4081)","(20.9399, 165.726, -31.4456)","(-0.984199, 0.0207017, 0.175851)","(20.9399, 165.726, -31.4456)","(34.4232, 159.672, -24.7398)","(-0.830768, 0.372973, -0.413178)","(-70.3513, 116.539, 42.4435)","(-31.1169, 133.09, -7.32815)","(-0.598983, -0.252672, 0.759853)","(-31.1169, 133.09, -7.32815)","(0.219877, 144.968, -38.5265)","(-0.684408, -0.259423, 0.681384)","(0.219877, 144.968, -38.5265)","(27.0032, 142.927, -35.6699)","(-0.99152, 0.0755319, -0.105753)","(27.0032, 142.927, -35.6699)","(39.3253, 137.661, -23.8764)","(-0.690277, 0.295031, -0.660663)","(-71.1726, 106.222, 37.3518)","(-37.7956, 113.028, -10.5879)","(-0.567545, -0.115728, 0.815168)","(-37.7956, 113.028, -10.5879)","(-7.826, 119.963, -39.8297)","(-0.706126, -0.163379, 0.68898)","(-7.826, 119.963, -39.8297)","(17.7217, 117.524, -34.0127)","(-0.970849, 0.0926662, -0.221056)","(17.7217, 117.524, -34.0127)","(29.6318, 113.704, -21.4206)","(-0.671053, 0.215236, -0.70948)","(-68.2374, 93.1872, 37.2519)","(-41.2871, 93.2385, -10.0485)","(-0.495051, -0.000941773, 0.868863)","(-41.2871, 93.2385, -10.0485)","(-21.0628, 92.7023, -36.8604)","(-0.602118, 0.015964, 0.798247)","(-21.0628, 92.7023, -36.8604)","(-2.48631, 92.3966, -36.7486)","(-0.999847, 0.0164514, -0.00601831)","(-2.48631, 92.3966, -36.7486)","(10.5948, 92.2552, -26.9017)","(-0.798911, 0.00863882, -0.601388)",1,0,0
1088876,12762307815,1,5,0,0,Left hand,76,"(-35.664, 123.846, 0.399561)",20.46996619089612,80.95666223364333,26.332276642812644,"(<Leap.Vector; proxy of <Swig Object of type 'Leap::Vector *' at 0x0000000005A832D0> >,)","(-70.998, 95.8938, 55.8597)","(-221.663, 33.4387, 249.912)",0,0,0,0,0,0,0.0,0.0,0.0,0,0,0,0,0,0,0,0,760,49.50658798217773,18.31492805480957,761,55.86266326904297,17.49441909790039,762,63.65102005004883,17.18184471130371,763,61.20215606689453,16.349613189697266,764,47.98135757446289,14.523004531860352,"(-52.8743, 124.242, 55.4585)","(-52.8743, 124.242, 55.4585)","(0, 0, 0)","(-52.8743, 124.242, 55.4585)","(-13.9405, 144.354, 38.8457)","(-0.830764, -0.429153, 0.354483)","(-13.9405, 144.354, 38.8457)","(14.6727, 150.488, 24.9651)","(-0.883443, -0.189361, 0.428568)","(14.6727, 150.488, 24.9651)","(34.0484, 148.166, 14.3143)","(-0.871537, 0.104425, 0.479082)","(-65.2827, 122.983, 37.0273)","(-27.6917, 153.617, -12.1586)","(-0.544239, -0.443515, 0.712108)","(-27.6917, 153.617, -12.1586)","(-3.98304, 169.897, -41.1137)","(-0.580939, -0.398911, 0.709493)","(-3.98304, 169.897, -41.1137)","(17.8455, 174.111, -46.8511)","(-0.950717, -0.183558, 0.249887)","(17.8455, 174.111, -46.8511)","(33.2496, 172.502, -41.9999)","(-0.949116, 0.0991613, -0.298907)","(-65.48, 113.611, 30.2626)","(-29.4332, 134.563, -20.2559)","(-0.550319, -0.319869, 0.771254)","(-29.4332, 134.563, -20.2559)","(8.15277, 147.92, -42.7344)","(-0.820893, -0.29174, 0.49094)","(8.15277, 147.92, -42.7344)","(31.0135, 146.904, -28.3808)","(-0.846304, 0.0376194, -0.53137)","(31.0135, 146.904, -28.3808)","(38.1309, 142.871, -12.5148)","(-0.39871, 0.225963, -0.888803)","(-64.1403, 103.044, 25.8374)","(-31.9269, 113.41, -22.2605)","(-0.547759, -0.176261, 0.817858)","(-31.9269, 113.41, -22.2605)","(7.55867, 121.761, -35.3938)","(-0.930336, -0.196777, 0.30944)","(7.55867, 121.761, -35.3938)","(26.688, 121.431, -17.3265)","(-0.726942, 0.012564, -0.686584)","(26.688, 121.431, -17.3265)","(30.7029, 118.975, -0.213503)","(-0.226212, 0.138372, -0.9642)","(-58.6688, 90.8766, 26.5878)","(-31.4201, 93.3928, -20.4741)","(-0.500533, -0.0462216, 0.864483)","(-31.4201, 93.3928, -20.4741)","(-1.46937, 99.9273, -34.2017)","(-0.891694, -0.194544, 0.408698)","(-1.46937, 99.9273, -34.2017)","(12.8221, 103.236, -22.8)","(-0.769209, -0.178097, -0.613676)","(12.8221, 103.236, -22.8)","(17.8967, 104.533, -7.2867)","(-0.309931, -0.0792064, -0.947454)",1,0,0
1088885,12762385819,1,5,0,0,Left hand,76,"(-26.7928, 117.796, -8.51978)",18.92868617536749,88.92012331388969,26.81593941905988,"(<Leap.Vector; proxy of <Swig Object of type 'Leap::Vector *' at 0x0000000005A83E40> >,)","(-62.2993, 91.729, 47.5576)","(-221.607, 55.4719, 241.37)",0,0,0,0,0,0,0.0,0.0,0.0,0,0,0,0,0,0,0,0,760,49.50658798217773,18.31492805480957,761,55.86266326904297,17.49441909790039,762,63.65102005004883,17.18184471130371,763,61.20215606689453,16.349613189697266,764,47.98135757446289,14.523004531860352,"(-46.8853, 120.663, 45.4794)","(-46.8853, 120.663, 45.4794)","(0, 0, 0)","(-46.8853, 120.663, 45.4794)","(-9.76908, 145.099, 30.592)","(-0.791981, -0.521398, 0.317665)","(-9.76908, 145.099, 30.592)","(18.5117, 155.373, 18.6073)","(-0.87318, -0.317228, 0.370032)","(18.5117, 155.373, 18.6073)","(38.779, 156.477, 9.53754)","(-0.911645, -0.0496571, 0.407967)","(-58.095, 116.673, 26.6728)","(-21.2144, 147.172, -23.1311)","(-0.533953, -0.441558, 0.721055)","(-21.2144, 147.172, -23.1311)","(12.0842, 160.525, -42.5848)","(-0.815923, -0.327182, 0.476677)","(12.0842, 160.525, -42.5848)","(34.7326, 163.358, -40.0971)","(-0.986424, -0.123406, -0.108348)","(34.7326, 163.358, -40.0971)","(49.0964, 162.787, -32.5626)","(-0.885016, 0.0351732, -0.464231)","(-56.9785, 106.834, 20.7073)","(-20.5797, 127.468, -29.6896)","(-0.555692, -0.315012, 0.769398)","(-20.5797, 127.468, -29.6896)","(22.3191, 140.095, -39.5217)","(-0.936927, -0.275781, 0.214739)","(22.3191, 140.095, -39.5217)","(41.7536, 141.257, -20.7968)","(-0.719464, -0.0430174, -0.693196)","(41.7536, 141.257, -20.7968)","(47.1104, 139.267, -3.88534)","(-0.300088, 0.111509, -0.947372)","(-54.3397, 96.1549, 17.2396)","(-20.8067, 106.079, -30.0427)","(-0.570197, -0.168743, 0.803991)","(-20.8067, 106.079, -30.0427)","(19.6037, 117.099, -36.8901)","(-0.952126, -0.259666, 0.161335)","(19.6037, 117.099, -36.8901)","(37.8746, 120.304, -18.2253)","(-0.69432, -0.121775, -0.709289)","(37.8746, 120.304, -18.2253)","(41.9434, 119.946, -0.953329)","(-0.229254, 0.0201821, -0.973158)","(-47.7121, 84.727, 19.2445)","(-18.3716, 86.4266, -26.58)","(-0.538958, -0.0312208, 0.841754)","(-18.3716, 86.4266, -26.58)","(13.1196, 97.1434, -31.2328)","(-0.937557, -0.31906, 0.138521)","(13.1196, 97.1434, -31.2328)","(25.4112, 102.482, -18.3641)","(-0.661574, -0.287366, -0.692633)","(25.4112, 102.482, -18.3641)","(28.506, 104.824, -2.457)","(-0.189014, -0.143008, -0.971505)",1,0,0
1088891,12762437783,1,5,0,1,Left hand,76,"(-23.1618, 113.066, -12.3629)",18.06641234862866,90.2630204826596,28.27671711654375,"(<Leap.Vector; proxy of <Swig Object of type 'Leap::Vector *' at 0x0000000005A8BAB0> >,)","(-59.9595, 88.2682, 43.4094)","(-219.925, 61.432, 238.211)",0,0,0,2,4,counterclockwise,0.0,0.8345481157302856,14.029220581054688,STATE_START,0,0,0,0,0,0,0,760,49.50658798217773,18.31492805480957,761,55.86266326904297,17.49441909790039,762,63.65102005004883,17.18184471130371,763,61.20215606689453,16.349613189697266,764,47.98135757446289,14.523004531860352,"(-44.991, 117.052, 40.886)","(-44.991, 117.052, 40.886)","(0, 0, 0)","(-44.991, 117.052, 40.886)","(-7.06129, 140.211, 26.0097)","(-0.809339, -0.494176, 0.317429)","(-7.06129, 140.211, 26.0097)","(21.9161, 148.643, 14.2531)","(-0.894688, -0.260332, 0.362987)","(21.9161, 148.643, 14.2531)","(42.4298, 148.818, 5.6856)","(-0.922726, -0.00787043, 0.385376)","(-55.5552, 112.474, 21.8412)","(-17.4207, 142.13, -27.525)","(-0.552108, -0.429365, 0.714718)","(-17.4207, 142.13, -27.525)","(18.4632, 154.526, -42.4996)","(-0.87927, -0.303728, 0.366925)","(18.4632, 154.526, -42.4996)","(40.4981, 156.51, -36.3603)","(-0.959707, -0.0864087, -0.267389)","(40.4981, 156.51, -36.3603)","(53.857, 155.708, -27.1781)","(-0.823096, 0.0493564, -0.565753)","(-54.1493, 102.502, 16.1633)","(-16.3769, 122.278, -33.5626)","(-0.576662, -0.301904, 0.759154)","(-16.3769, 122.278, -33.5626)","(27.0769, 134.769, -40.7848)","(-0.949048, -0.272812, 0.157736)","(27.0769, 134.769, -40.7848)","(47.9837, 137.557, -23.9087)","(-0.773972, -0.103209, -0.624752)","(47.9837, 137.557, -23.9087)","(55.6704, 137.015, -7.80656)","(-0.4306, 0.0303603, -0.902032)","(-51.2929, 91.7699, 13.0503)","(-16.3747, 100.885, -33.3846)","(-0.59375, -0.15499, 0.789582)","(-16.3747, 100.885, -33.3846)","(24.0004, 112.286, -39.8045)","(-0.951296, -0.268618, 0.15126)","(24.0004, 112.286, -39.8045)","(44.0967, 116.957, -23.4709)","(-0.763687, -0.177525, -0.620698)","(44.0967, 116.957, -23.4709)","(51.0403, 118.024, -7.17204)","(-0.391226, -0.0601075, -0.91833)","(-44.6164, 80.4687, 15.5502)","(-13.851, 81.3527, -29.3537)","(-0.56513, -0.0162382, 0.824842)","(-13.851, 81.3527, -29.3537)","(17.698, 92.0649, -33.6077)","(-0.93928, -0.318925, 0.12665)","(17.698, 92.0649, -33.6077)","(31.7016, 98.3462, -23.1369)","(-0.753715, -0.33808, -0.563574)","(31.7016, 98.3462, -23.1369)","(38.0622, 102.407, -8.60585)","(-0.388471, -0.247985, -0.887465)",1,0,0
1088898,12762498550,1,5,0,0,Left hand,76,"(-21.1749, 103.445, -15.3929)",16.122791497607523,90.90706634777462,29.72121335040356,"(<Leap.Vector; proxy of <Swig Object of type 'Leap::Vector *' at 0x0000000005A93720> >,)","(-59.386, 81.0258, 40.401)","(-217.165, 66.3364, 238.257)",0,0,0,0,0,0,0.0,0.0,0.0,0,0,0,0,0,0,0,0,760,49.50658798217773,18.31492805480957,761,55.86266326904297,17.49441909790039,762,63.65102005004883,17.18184471130371,763,61.20215606689453,16.349613189697266,764,47.98135757446289,14.523004531860352,"(-44.4335, 109.418, 37.059)","(-44.4335, 109.418, 37.059)","(0, 0, 0)","(-44.4335, 109.418, 37.059)","(-5.77509, 130.791, 21.4046)","(-0.824887, -0.456054, 0.334032)","(-5.77509, 130.791, 21.4046)","(23.5616, 137.755, 9.57817)","(-0.905783, -0.215, 0.365146)","(23.5616, 137.755, 9.57817)","(44.1866, 137.265, 1.29464)","(-0.92773, 0.0220258, 0.372601)","(-54.5054, 104.269, 17.8938)","(-14.7713, 131.927, -31.3705)","(-0.575266, -0.400438, 0.713244)","(-14.7713, 131.927, -31.3705)","(21.2105, 143.182, -46.9967)","(-0.88167, -0.275779, 0.38289)","(21.2105, 143.182, -46.9967)","(43.251, 145.264, -40.9102)","(-0.959951, -0.0906727, -0.26509)","(43.251, 145.264, -40.9102)","(56.4244, 144.718, -31.4457)","(-0.811668, 0.033668, -0.583148)","(-53.0274, 94.0985, 12.6005)","(-13.7289, 111.872, -36.6964)","(-0.599962, -0.271348, 0.752607)","(-13.7289, 111.872, -36.6964)","(29.6366, 123.789, -45.2894)","(-0.94712, -0.260274, 0.187673)","(29.6366, 123.789, -45.2894)","(51.9226, 127.754, -30.5487)","(-0.825029, -0.146755, -0.545702)","(51.9226, 127.754, -30.5487)","(61.4175, 128.448, -15.4483)","(-0.531897, -0.0388984, -0.845915)","(-50.1768, 83.2444, 9.93614)","(-13.9124, 90.4987, -35.7895)","(-0.616641, -0.123352, 0.77752)","(-13.9124, 90.4987, -35.7895)","(26.4027, 101.144, -43.7082)","(-0.949883, -0.250819, 0.186578)","(26.4027, 101.144, -43.7082)","(47.6973, 106.662, -29.2666)","(-0.809225, -0.209689, -0.548804)","(47.6973, 106.662, -29.2666)","(56.3963, 108.863, -13.9536)","(-0.490127, -0.124014, -0.862784)","(-43.6678, 71.9858, 13.0052)","(-11.6664, 71.098, -31.0263)","(-0.587835, 0.0163093, 0.808816)","(-11.6664, 71.098, -31.0263)","(19.9933, 80.8338, -36.6)","(-0.942575, -0.289854, 0.16594)","(19.9933, 80.8338, -36.6)","(35.1144, 87.4592, -28.0765)","(-0.813865, -0.3566, -0.45876)","(35.1144, 87.4592, -28.0765)","(43.1947, 92.5444, -14.7744)","(-0.49349, -0.310577, -0.81241)",1,0,0
1088904,12762550570,1,5,0,0,Left hand,76,"(-21.2158, 97.9779, -17.0017)",14.662411658647445,90.69112991464408,31.34145376875381,"(<Leap.Vector; proxy of <Swig Object of type 'Leap::Vector *' at 0x0000000005A9D390> >,)","(-61.0708, 77.5625, 38.3586)","(-218.697, 74.9447, 236.863)",0,0,0,0,0,0,0.0,0.0,0.0,0,0,0,0,0,0,0,0,760,49.50658798217773,18.31492805480957,761,55.86266326904297,17.49441909790039,762,63.65102005004883,17.18184471130371,763,61.20215606689453,16.349613189697266,764,47.98135757446289,14.523004531860352,"(-45.7939, 105.418, 34.6549)","(-45.7939, 105.418, 34.6549)","(0, 0, 0)","(-45.7939, 105.418, 34.6549)","(-7.09468, 126.176, 18.2888)","(-0.825758, -0.442913, 0.349216)","(-7.09468, 126.176, 18.2888)","(22.2982, 132.594, 6.29473)","(-0.907517, -0.198177, 0.370322)","(22.2982, 132.594, 6.29473)","(42.9502, 131.602, -1.87571)","(-0.928946, 0.0446439, 0.367514)","(-55.4234, 100.031, 15.3283)","(-13.908, 126.014, -33.3763)","(-0.601056, -0.376177, 0.70514)","(-13.908, 126.014, -33.3763)","(20.3562, 136.722, -52.7884)","(-0.839583, -0.262388, 0.47566)","(20.3562, 136.722, -52.7884)","(43.0046, 139.758, -50.5528)","(-0.986424, -0.132239, -0.0973685)","(43.0046, 139.758, -50.5528)","(57.0906, 139.857, -42.4914)","(-0.867902, -0.0060847, -0.496699)","(-53.9702, 89.7297, 10.2872)","(-13.053, 105.837, -38.2596)","(-0.624674, -0.245913, 0.741154)","(-13.053, 105.837, -38.2596)","(30.1917, 116.974, -48.3734)","(-0.944482, -0.24323, 0.220889)","(30.1917, 116.974, -48.3734)","(52.9479, 121.198, -34.4456)","(-0.842434, -0.156374, -0.515609)","(52.9479, 121.198, -34.4456)","(63.1179, 122.372, -19.822)","(-0.569719, -0.0657567, -0.819205)","(-51.2282, 78.7781, 7.92531)","(-13.6152, 84.4932, -36.9207)","(-0.639573, -0.0971799, 0.762563)","(-13.6152, 84.4932, -36.9207)","(26.7495, 94.1386, -45.8086)","(-0.951052, -0.22726, 0.209413)","(26.7495, 94.1386, -45.8086)","(48.3379, 99.7372, -31.8421)","(-0.820391, -0.212754, -0.53075)","(48.3379, 99.7372, -31.8421)","(57.5163, 102.33, -16.874)","(-0.51714, -0.146066, -0.843345)","(-44.9927, 67.4835, 11.4027)","(-11.8216, 65.163, -31.7011)","(-0.609322, 0.0426269, 0.791776)","(-11.8216, 65.163, -31.7011)","(19.9814, 73.9505, -37.9892)","(-0.94684, -0.261624, 0.187209)","(19.9814, 73.9505, -37.9892)","(35.2282, 80.501, -29.6333)","(-0.82063, -0.352565, -0.449738)","(35.2282, 80.501, -29.6333)","(43.2825, 85.7765, -16.3897)","(-0.491907, -0.322198, -0.808836)",1,0,0
1088911,12762611459,1,5,0,0,Left hand,76,"(-20.5304, 94.8898, -19.1394)",14.783768753689516,91.0035291105487,32.096879529964326,"(<Leap.Vector; proxy of <Swig Object of type 'Leap::Vector *' at 0x0000000005A9DFC0> >,)","(-60.713, 74.8099, 36.0076)","(-211.584, 81.148, 239.612)",0,0,0,0,0,0,0.0,0.0,0.0,0,0,0,0,0,0,0,0,760,49.50658798217773,18.31492805480957,761,55.86266326904297,17.49441909790039,762,63.65102005004883,17.18184471130371,763,61.20215606689453,16.349613189697266,764,47.98135757446289,14.523004531860352,"(-45.8682, 102.351, 32.1458)","(-45.8682, 102.351, 32.1458)","(0, 0, 0)","(-45.8682, 102.351, 32.1458)","(-7.92519, 124.166, 15.3897)","(-0.809621, -0.465488, 0.357539)","(-7.92519, 124.166, 15.3897)","(21.3294, 130.811, 3.18235)","(-0.903248, -0.205145, 0.376906)","(21.3294, 130.811, 3.18235)","(41.9548, 129.438, -5.00036)","(-0.927747, 0.0617527, 0.368066)","(-55.2013, 96.8823, 12.6971)","(-13.0997, 122.917, -35.4736)","(-0.609543, -0.376928, 0.697411)","(-13.0997, 122.917, -35.4736)","(18.8916, 133.684, -58.4123)","(-0.783887, -0.263816, 0.562069)","(18.8916, 133.684, -58.4123)","(41.2493, 137.949, -61.4286)","(-0.973768, -0.185789, 0.131373)","(41.2493, 137.949, -61.4286)","(56.7889, 139.264, -56.9335)","(-0.957462, -0.080989, -0.276962)","(-53.6367, 86.5754, 7.70097)","(-12.0972, 102.733, -40.2976)","(-0.634175, -0.246676, 0.732784)","(-12.0972, 102.733, -40.2976)","(31.1006, 113.666, -50.8254)","(-0.943457, -0.238789, 0.229931)","(31.1006, 113.666, -50.8254)","(53.2776, 117.831, -35.9758)","(-0.820993, -0.154157, -0.549733)","(53.2776, 117.831, -35.9758)","(62.5297, 118.922, -20.7487)","(-0.518297, -0.0611271, -0.853013)","(-50.819, 75.6292, 5.40363)","(-12.5955, 81.39, -38.9172)","(-0.649954, -0.0979553, 0.753634)","(-12.5955, 81.39, -38.9172)","(27.8078, 90.949, -47.723)","(-0.95196, -0.225225, 0.207476)","(27.8078, 90.949, -47.723)","(48.5375, 96.5191, -32.5006)","(-0.78776, -0.211673, -0.578471)","(48.5375, 96.5191, -32.5006)","(56.4126, 98.9701, -16.785)","(-0.443703, -0.138096, -0.88547)","(-44.5897, 64.3671, 8.99535)","(-10.8011, 62.0787, -33.6279)","(-0.620664, 0.0420345, 0.782949)","(-10.8011, 62.0787, -33.6279)","(20.8356, 71.2847, -40.1519)","(-0.941889, -0.27408, 0.194231)","(20.8356, 71.2847, -40.1519)","(35.5929, 77.9581, -31.0481)","(-0.794287, -0.359182, -0.489996)","(35.5929, 77.9581, -31.0481)","(42.4769, 82.9779, -17.0656)","(-0.420428, -0.30658, -0.853961)",1,0,0
1088917,12762663354,1,5,0,0,Left hand,76,"(-21.2029, 93.9903, -19.6112)",14.774226979307628,91.383308123402,32.24683291984775,"(<Leap.Vector; proxy of <Swig Object of type 'Leap::Vector *' at 0x0000000005AA6B70> >,)","(-61.48, 73.9829, 35.4758)","(-212.352, 81.965, 239.022)",0,0,0,0,0,0,0.0,0.0,0.0,0,0,0,0,0,0,0,0,760,49.50658798217773,18.31492805480957,761,55.86266326904297,17.49441909790039,762,63.65102005004883,17.18184471130371,763,61.20215606689453,16.349613189697266,764,47.98135757446289,14.523004531860352,"(-46.7715, 101.511, 31.5505)","(-46.7715, 101.511, 31.5505)","(0, 0, 0)","(-46.7715, 101.511, 31.5505)","(-8.74668, 123.454, 15.1499)","(-0.811368, -0.468204, 0.349953)","(-8.74668, 123.454, 15.1499)","(20.671, 129.838, 3.19821)","(-0.908283, -0.197103, 0.369014)","(20.671, 129.838, 3.19821)","(41.3544, 128.143, -4.77505)","(-0.930358, 0.0762149, 0.358644)","(-56.0051, 95.9359, 12.0847)","(-13.8334, 121.995, -36.0114)","(-0.610558, -0.377284, 0.69633)","(-13.8334, 121.995, -36.0114)","(17.7214, 132.861, -59.5011)","(-0.773191, -0.266253, 0.575573)","(17.7214, 132.861, -59.5011)","(39.6808, 137.58, -64.264)","(-0.956419, -0.205503, 0.20744)","(39.6808, 137.58, -64.264)","(55.6292, 139.612, -62.0436)","(-0.982649, -0.125241, -0.136803)","(-54.3755, 85.6192, 7.12952)","(-12.7228, 101.8, -40.7632)","(-0.635903, -0.247024, 0.731168)","(-12.7228, 101.8, -40.7632)","(30.4997, 112.606, -51.3211)","(-0.943996, -0.236007, 0.230591)","(30.4997, 112.606, -51.3211)","(52.3593, 116.805, -36.0177)","(-0.809245, -0.155444, -0.566533)","(52.3593, 116.805, -36.0177)","(61.131, 117.915, -20.5103)","(-0.491385, -0.0622033, -0.868719)","(-51.5005, 74.6781, 4.88009)","(-13.1319, 80.4594, -39.3125)","(-0.652421, -0.098305, 0.751453)","(-13.1319, 80.4594, -39.3125)","(27.3267, 90.0099, -47.8702)","(-0.953262, -0.225025, 0.201631)","(27.3267, 90.0099, -47.8702)","(47.585, 95.6376, -32.0462)","(-0.769845, -0.213861, -0.601333)","(47.585, 95.6376, -32.0462)","(54.719, 98.0609, -15.9764)","(-0.401953, -0.136532, -0.905424)","(-45.2353, 63.4558, 8.53384)","(-11.2724, 61.1742, -33.9511)","(-0.623865, 0.0419113, 0.780408)","(-11.2724, 61.1742, -33.9511)","(20.2986, 70.6108, -40.4635)","(-0.939934, -0.280946, 0.193888)","(20.2986, 70.6108, -40.4635)","(34.7695, 77.3832, -30.9809)","(-0.778872, -0.364511, -0.510383)","(34.7695, 77.3832, -30.9809)","(41.1631, 82.3466, -16.7477)","(-0.390481, -0.303135, -0.869272)",1,0,0
1088923,12762715360,1,5,0,0,Left hand,76,"(-21.9426, 94.487, -18.737)",15.17205305970606,91.45326292169784,32.355781268570354,"(<Leap.Vector; proxy of <Swig Object of type 'Leap::Vector *' at 0x0000000005AAE7E0> >,)","(-62.2354, 74.1777, 36.2037)","(-212.866, 83.0067, 239.893)",0,0,0,0,0,0,0.0,0.0,0.0,0,0,0,0,0,0,0,0,760,49.50658798217773,18.31492805480957,761,55.86266326904297,17.49441909790039,762,63.65102005004883,17.18184471130371,763,61.20215606689453,16.349613189697266,764,47.98135757446289,14.523004531860352,"(-47.6493, 101.688, 32.4016)","(-47.6493, 101.688, 32.4016)","(0, 0, 0)","(-47.6493, 101.688, 32.4016)","(-9.21919, 123.243, 16.4373)","(-0.820015, -0.459931, 0.340644)","(-9.21919, 123.243, 16.4373)","(20.4174, 129.122, 4.77098)","(-0.915042, -0.18153, 0.360202)","(20.4174, 129.122, 4.77098)","(41.1339, 126.991, -3.0092)","(-0.931847, 0.0958638, 0.34996)","(-56.8195, 96.1599, 12.8923)","(-14.6484, 122.591, -35.0012)","(-0.610548, -0.382662, 0.693398)","(-14.6484, 122.591, -35.0012)","(16.6146, 133.973, -58.6361)","(-0.766043, -0.278902, 0.57913)","(16.6146, 133.973, -58.6361)","(38.3878, 139.035, -63.8764)","(-0.94831, -0.220488, 0.228237)","(38.3878, 139.035, -63.8764)","(54.3947, 141.508, -62.8379)","(-0.986251, -0.152366, -0.0639888)","(-55.1389, 85.8711, 7.8965)","(-13.4484, 102.42, -39.8371)","(-0.63648, -0.252654, 0.728738)","(-13.4484, 102.42, -39.8371)","(29.5394, 113.453, -51.0953)","(-0.938871, -0.24096, 0.245884)","(29.5394, 113.453, -51.0953)","(51.6986, 117.792, -36.2691)","(-0.820334, -0.160618, -0.548866)","(51.6986, 117.792, -36.2691)","(60.7796, 118.965, -20.9454)","(-0.508711, -0.06574, -0.858424)","(-52.2161, 74.9511, 5.60635)","(-13.7767, 81.0725, -38.4788)","(-0.653625, -0.104089, 0.749626)","(-13.7767, 81.0725, -38.4788)","(26.6097, 90.7822, -47.197)","(-0.951561, -0.228774, 0.205414)","(26.6097, 90.7822, -47.197)","(46.9178, 96.4414, -31.4484)","(-0.771738, -0.215059, -0.598473)","(46.9178, 96.4414, -31.4484)","(54.0392, 98.8333, -15.3682)","(-0.401241, -0.134765, -0.906005)","(-45.9145, 63.7379, 9.22538)","(-11.8528, 61.772, -33.1961)","(-0.625682, 0.0361126, 0.779242)","(-11.8528, 61.772, -33.1961)","(19.6975, 71.2388, -39.7649)","(-0.939316, -0.281847, 0.195569)","(19.6975, 71.2388, -39.7649)","(34.062, 78.0203, -30.1283)","(-0.773146, -0.365, -0.518672)","(34.062, 78.0203, -30.1283)","(40.2545, 82.9368, -15.7904)","(-0.378196, -0.30027, -0.875674)",1,0,0
1088931,12762784681,1,5,0,0,Left hand,76,"(-21.1925, 98.5878, -12.7047)",14.285171768647729,90.38746653078988,32.86629351875831,"(<Leap.Vector; proxy of <Swig Object of type 'Leap::Vector *' at 0x0000000005AB8450> >,)","(-62.3684, 79.2074, 41.9569)","(-218.18, 88.6929, 241.681)",0,0,0,0,0,0,0.0,0.0,0.0,0,0,0,0,0,0,0,0,760,49.50658798217773,18.31492805480957,761,55.86266326904297,17.49441909790039,762,63.65102005004883,17.18184471130371,763,61.20215606689453,16.349613189697266,764,47.98135757446289,14.523004531860352,"(-47.0168, 106.522, 38.2659)","(-47.0168, 106.522, 38.2659)","(0, 0, 0)","(-47.0168, 106.522, 38.2659)","(-7.60259, 127.125, 23.4881)","(-0.841015, -0.439618, 0.315326)","(-7.60259, 127.125, 23.4881)","(22.2471, 133.454, 12.6285)","(-0.921623, -0.195419, 0.335295)","(22.2471, 133.454, 12.6285)","(43.1655, 132.086, 5.22604)","(-0.940928, 0.0615331, 0.33297)","(-56.1962, 101.114, 18.7272)","(-13.2203, 126.47, -29.0319)","(-0.622201, -0.367099, 0.691451)","(-13.2203, 126.47, -29.0319)","(18.535, 137.935, -51.9598)","(-0.778108, -0.28093, 0.561807)","(18.535, 137.935, -51.9598)","(40.9565, 142.303, -54.275)","(-0.976541, -0.190263, 0.100836)","(40.9565, 142.303, -54.275)","(56.7816, 144.111, -51.1585)","(-0.975053, -0.111349, -0.192022)","(-54.7059, 90.7734, 13.7785)","(-12.4195, 106.261, -33.787)","(-0.645578, -0.23644, 0.726172)","(-12.4195, 106.261, -33.787)","(29.0033, 117.521, -49.7177)","(-0.90469, -0.245924, 0.347933)","(29.0033, 117.521, -49.7177)","(53.1565, 122.386, -38.644)","(-0.894149, -0.180107, -0.409949)","(53.1565, 122.386, -38.644)","(64.4645, 123.95, -24.9204)","(-0.633468, -0.0876512, -0.768788)","(-52.0015, 79.7856, 11.5444)","(-13.2047, 84.9297, -32.3522)","(-0.659702, -0.0874698, 0.74642)","(-13.2047, 84.9297, -32.3522)","(26.1198, 93.912, -45.5524)","(-0.926542, -0.211636, 0.311016)","(26.1198, 93.912, -45.5524)","(48.9316, 99.7068, -33.7833)","(-0.866882, -0.22021, -0.44724)","(48.9316, 99.7068, -33.7833)","(58.8133, 102.499, -19.3071)","(-0.556765, -0.157324, -0.815636)","(-45.9572, 68.4561, 15.239)","(-11.7164, 65.6131, -26.9882)","(-0.628971, 0.0522237, 0.775673)","(-11.7164, 65.6131, -26.9882)","(19.4402, 72.8329, -37.2512)","(-0.927596, -0.214949, 0.305553)","(19.4402, 72.8329, -37.2512)","(35.562, 79.1789, -30.5426)","(-0.867728, -0.341565, -0.361083)","(35.562, 79.1789, -30.5426)","(44.5361, 84.629, -17.9783)","(-0.548077, -0.332854, -0.767346)",1,0,0
1088937,12762854061,1,5,0,0,Left hand,76,"(-14.1579, 107.217, 9.75219)",19.97444791365865,79.1735252167814,34.63180864735591,"(<Leap.Vector; proxy of <Swig Object of type 'Leap::Vector *' at 0x0000000005AB8E10> >,)","(-56.8758, 83.4102, 61.3904)","(-213.005, 77.5131, 261.004)",0,0,0,0,0,0,0.0,0.0,0.0,0,0,0,0,0,0,0,0,760,49.50658798217773,18.31492805480957,761,55.86266326904297,17.49441909790039,762,63.65102005004883,17.18184471130371,763,61.20215606689453,16.349613189697266,764,47.98135757446289,14.523004531860352,"(-38.8573, 109.316, 61.8423)","(-38.8573, 109.316, 61.8423)","(0, 0, 0)","(-38.8573, 109.316, 61.8423)","(-1.49105, 136.054, 52.6139)","(-0.797315, -0.570538, 0.196914)","(-1.49105, 136.054, 52.6139)","(26.5683, 150.167, 44.708)","(-0.866344, -0.435736, 0.244096)","(26.5683, 150.167, 44.708)","(46.857, 156.702, 38.3914)","(-0.912607, -0.293973, 0.284129)","(-48.6069, 107.985, 41.8813)","(-3.61466, 136.469, -2.10885)","(-0.651394, -0.412387, 0.636885)","(-3.61466, 136.469, -2.10885)","(25.5461, 150.562, -26.9401)","(-0.714531, -0.345311, 0.608446)","(25.5461, 150.562, -26.9401)","(47.1868, 155.267, -32.9986)","(-0.942541, -0.204915, 0.263869)","(47.1868, 155.267, -32.9986)","(63.3382, 156.02, -31.5918)","(-0.995153, -0.0464485, -0.0866795)","(-48.1428, 98.4729, 35.3284)","(-4.7863, 117.293, -10.02)","(-0.661914, -0.287329, 0.692324)","(-4.7863, 117.293, -10.02)","(30.5566, 130.479, -35.9708)","(-0.771902, -0.287979, 0.566777)","(30.5566, 130.479, -35.9708)","(56.8485, 135.817, -39.1196)","(-0.973327, -0.197601, 0.116567)","(56.8485, 135.817, -39.1196)","(73.8026, 137.199, -33.7062)","(-0.949761, -0.0774138, -0.303251)","(-46.5197, 87.777, 31.3286)","(-7.61547, 96.1773, -11.9664)","(-0.66153, -0.142839, 0.73619)","(-7.61547, 96.1773, -11.9664)","(26.1919, 104.02, -36.3979)","(-0.79655, -0.184788, 0.575641)","(26.1919, 104.02, -36.3979)","(52.0311, 107.978, -39.4205)","(-0.981926, -0.150423, 0.114863)","(52.0311, 107.978, -39.4205)","(68.351, 109.34, -32.5786)","(-0.919515, -0.0767204, -0.385494)","(-41.5773, 75.4841, 33.0603)","(-7.96911, 76.1991, -9.76052)","(-0.61735, -0.0131337, 0.786579)","(-7.96911, 76.1991, -9.76052)","(19.4588, 77.4917, -29.1055)","(-0.816586, -0.0384814, 0.575939)","(19.4588, 77.4917, -29.1055)","(37.6601, 79.5758, -32.1978)","(-0.97965, -0.112172, 0.166441)","(37.6601, 79.5758, -32.1978)","(53.1428, 82.2588, -27.5952)","(-0.945585, -0.163864, -0.2811)",1,0,0
1088943,12762906108,1,5,0,0,Left hand,76,"(-7.40996, 114.127, 39.3993)",26.57856814451634,70.49311966155756,40.4295738108624,"(<Leap.Vector; proxy of <Swig Object of type 'Leap::Vector *' at 0x0000000005AC2CF0> >,)","(-55.4949, 85.873, 83.7737)","(-249.816, 52.978, 243.191)",0,0,0,0,0,0,0.0,0.0,0.0,0,0,0,0,0,0,0,0,760,49.50658798217773,18.31492805480957,761,55.86266326904297,17.49441909790039,762,63.65102005004883,17.18184471130371,763,61.20215606689453,16.349613189697266,764,47.98135757446289,14.523004531860352,"(-35.0586, 110.698, 89.913)","(-35.0586, 110.698, 89.913)","(0, 0, 0)","(-35.0586, 110.698, 89.913)","(-2.57229, 144.467, 89.1259)","(-0.693188, -0.720561, 0.0167954)","(-2.57229, 144.467, 89.1259)","(22.4271, 164.937, 86.8857)","(-0.771866, -0.632011, 0.0691682)","(22.4271, 164.937, 86.8857)","(42.1277, 174.553, 83.1902)","(-0.88615, -0.432557, 0.166228)","(-43.6427, 112.699, 69.4784)","(5.42463, 143.996, 32.2807)","(-0.710393, -0.453114, 0.538545)","(5.42463, 143.996, 32.2807)","(31.7679, 162.769, 7.39857)","(-0.645495, -0.460014, 0.609691)","(31.7679, 162.769, 7.39857)","(51.8515, 170.072, -0.996641)","(-0.874717, -0.318079, 0.365644)","(51.8515, 170.072, -0.996641)","(68.0197, 171.487, -1.01986)","(-0.996193, -0.087163, 0.00143048)","(-43.3077, 104.151, 61.702)","(3.67956, 126.18, 21.7344)","(-0.717345, -0.336306, 0.610176)","(3.67956, 126.18, 21.7344)","(33.655, 142.903, -8.5681)","(-0.654676, -0.365233, 0.661819)","(33.655, 142.903, -8.5681)","(57.0683, 150.668, -19.5767)","(-0.866758, -0.287476, 0.407539)","(57.0683, 150.668, -19.5767)","(74.7758, 152.89, -19.1762)","(-0.991967, -0.124491, -0.0224342)","(-42.0371, 94.0152, 56.3468)","(-0.184679, 105.742, 16.7308)","(-0.71166, -0.199401, 0.673631)","(-0.184679, 105.742, 16.7308)","(28.2585, 115.166, -13.3277)","(-0.670163, -0.22204, 0.708223)","(28.2585, 115.166, -13.3277)","(51.2485, 119.754, -25.2811)","(-0.873651, -0.174346, 0.454243)","(51.2485, 119.754, -25.2811)","(68.9442, 121.093, -25.5492)","(-0.997035, -0.0754459, 0.0151074)","(-37.8924, 81.3151, 56.6117)","(-1.76995, 85.711, 16.1211)","(-0.663535, -0.0807493, 0.743775)","(-1.76995, 85.711, 16.1211)","(20.1227, 83.987, -9.29413)","(-0.651788, 0.0513286, 0.756663)","(20.1227, 83.987, -9.29413)","(36.399, 83.4015, -18.2345)","(-0.876045, 0.0315115, 0.481198)","(36.399, 83.4015, -18.2345)","(52.7204, 83.3501, -19.5411)","(-0.996806, 0.00313961, 0.0798026)",1,0,0
1088950,12762966890,1,5,0,0,Left hand,76,"(1.26988, 117.39, 77.6214)",32.68172472975721,66.28641293283181,49.4239085243828,"(<Leap.Vector; proxy of <Swig Object of type 'Leap::Vector *' at 0x0000000005AC98A0> >,)","(-52.9108, 87.3468, 112.894)","(-273.994, 47.4523, 230.314)",0,0,0,0,0,0,0.0,0.0,0.0,0,0,0,0,0,0,0,0,760,49.50658798217773,18.31492805480957,761,55.86266326904297,17.49441909790039,762,63.65102005004883,17.18184471130371,763,61.20215606689453,16.349613189697266,764,47.98135757446289,14.523004531860352,"(-33.2738, 111.756, 123.478)","(-33.2738, 111.756, 123.478)","(0, 0, 0)","(-33.2738, 111.756, 123.478)","(-5.68938, 149.367, 128.045)","(-0.588592, -0.802535, -0.0974551)","(-5.68938, 149.367, 128.045)","(18.2593, 171.158, 128.837)","(-0.739424, -0.672796, -0.0244357)","(18.2593, 171.158, 128.837)","(39.2739, 177.782, 125.88)","(-0.945259, -0.297993, 0.13299)","(-38.8682, 114.783, 102.152)","(14.986, 147.474, 73.8363)","(-0.779695, -0.473303, 0.409951)","(14.986, 147.474, 73.8363)","(38.7118, 170.595, 50.0024)","(-0.581358, -0.566533, 0.584007)","(38.7118, 170.595, 50.0024)","(56.7449, 181.47, 40.8538)","(-0.785414, -0.473662, 0.398458)","(56.7449, 181.47, 40.8538)","(72.5193, 185.272, 40.4968)","(-0.971928, -0.234249, 0.0219978)","(-37.432, 106.612, 94.101)","(14.7564, 130.192, 62.3071)","(-0.79675, -0.359981, 0.48539)","(14.7564, 130.192, 62.3071)","(42.5196, 149.189, 31.2473)","(-0.60636, -0.414919, 0.678358)","(42.5196, 149.189, 31.2473)","(64.2609, 158.92, 18.5078)","(-0.804863, -0.360242, 0.471616)","(64.2609, 158.92, 18.5078)","(81.3573, 163.308, 15.839)","(-0.957731, -0.245764, 0.149504)","(-35.4138, 96.7332, 88.5004)","(11.6418, 110.041, 55.8317)","(-0.800134, -0.226285, 0.5555)","(11.6418, 110.041, 55.8317)","(37.6506, 120.805, 24.0668)","(-0.612807, -0.253622, 0.748428)","(37.6506, 120.805, 24.0668)","(59.2174, 126.421, 10.0736)","(-0.819569, -0.213394, 0.531761)","(59.2174, 126.421, 10.0736)","(76.5953, 128.677, 7.25886)","(-0.979126, -0.127126, 0.158592)","(-31.3489, 84.0069, 88.7415)","(10.1589, 90.0729, 54.0434)","(-0.762459, -0.111427, 0.63737)","(10.1589, 90.0729, 54.0434)","(28.8135, 84.7695, 26.6196)","(-0.555388, 0.157891, 0.816465)","(28.8135, 84.7695, 26.6196)","(44.1667, 81.825, 16.5795)","(-0.826357, 0.158482, 0.540386)","(44.1667, 81.825, 16.5795)","(60.2826, 79.7054, 14.6091)","(-0.984256, 0.129452, 0.120345)",1,0,0
1088957,12763027771,1,5,0,0,Left hand,76,"(13.0839, 117.474, 111.291)",36.73622410614712,67.80464105964256,54.18418843142149,"(<Leap.Vector; proxy of <Swig Object of type 'Leap::Vector *' at 0x0000000005AD2510> >,)","(-42.7593, 85.5055, 142.132)","(-264.358, 25.9742, 249.867)",0,0,0,0,0,0,0.0,0.0,0.0,0,0,0,0,0,0,0,0,760,49.50658798217773,18.31492805480957,761,55.86266326904297,17.49441909790039,762,63.65102005004883,17.18184471130371,763,61.20215606689453,16.349613189697266,764,47.98135757446289,14.523004531860352,"(-25.7423, 111.462, 153.531)","(-25.7423, 111.462, 153.531)","(0, 0, 0)","(-25.7423, 111.462, 153.531)","(3.74374, 147.8, 156.071)","(-0.629168, -0.775377, -0.0542025)","(3.74374, 147.8, 156.071)","(28.0131, 169.246, 156.369)","(-0.749326, -0.662138, -0.00918875)","(28.0131, 169.246, 156.369)","(48.1327, 178.577, 154.826)","(-0.904998, -0.419715, 0.0694076)","(-29.2291, 113.746, 131.671)","(25.9089, 148.016, 108.088)","(-0.798283, -0.49616, 0.341423)","(25.9089, 148.016, 108.088)","(55.5065, 168.743, 89.1168)","(-0.725234, -0.50788, 0.464858)","(55.5065, 168.743, 89.1168)","(77.2914, 175.853, 87.6897)","(-0.948819, -0.309643, 0.0621568)","(77.2914, 175.853, 87.6897)","(92.563, 176.654, 93.1256)","(-0.94095, -0.0493743, -0.334927)","(-26.6485, 105.456, 124.038)","(27.5543, 130.472, 97.0799)","(-0.827502, -0.381919, 0.411557)","(27.5543, 130.472, 97.0799)","(64.9745, 145.771, 75.5834)","(-0.817272, -0.33413, 0.469492)","(64.9745, 145.771, 75.5834)","(91.3259, 151.593, 74.4111)","(-0.975531, -0.215538, 0.0434003)","(91.3259, 151.593, 74.4111)","(108.596, 153.726, 78.3916)","(-0.967476, -0.119445, -0.222985)","(-23.6734, 95.5424, 118.948)","(25.9263, 110.061, 90.8832)","(-0.843396, -0.246872, 0.477218)","(25.9263, 110.061, 90.8832)","(60.2096, 118.182, 67.2178)","(-0.807764, -0.191341, 0.55759)","(60.2096, 118.182, 67.2178)","(85.9052, 121.649, 62.7251)","(-0.97647, -0.131747, 0.170731)","(85.9052, 121.649, 62.7251)","(103.463, 122.968, 64.9617)","(-0.989239, -0.0743313, -0.12602)","(-19.1519, 83.0091, 119.955)","(25.4308, 90.0112, 89.5085)","(-0.818941, -0.128623, 0.559277)","(25.4308, 90.0112, 89.5085)","(51.5846, 86.0553, 68.8078)","(-0.778653, 0.117778, 0.616301)","(51.5846, 86.0553, 68.8078)","(69.7827, 84.5245, 65.3903)","(-0.979478, 0.0823883, 0.183942)","(69.7827, 84.5245, 65.3903)","(86.0742, 83.6485, 66.775)","(-0.99498, 0.0535048, -0.0845672)",1,0,0
1088963,12763079738,1,5,0,0,Left hand,76,"(28.2152, 112.926, 150.181)",27.15477486245561,61.53521034730602,53.398474195983,"(<Leap.Vector; proxy of <Swig Object of type 'Leap::Vector *' at 0x0000000005AD24B0> >,)","(-30.6234, 87.7289, 182.093)","(-264.208, 28.397, 260.672)",0,0,0,0,0,0,0.0,0.0,0.0,0,0,0,0,0,0,0,0,760,49.50658798217773,18.31492805480957,761,55.86266326904297,17.49441909790039,762,63.65102005004883,17.18184471130371,763,61.20215606689453,16.349613189697266,764,47.98135757446289,14.523004531860352,"(-9.31518, 112.515, 193.989)","(-9.31518, 112.515, 193.989)","(0, 0, 0)","(-9.31518, 112.515, 193.989)","(27.3564, 141.696, 194.005)","(-0.782492, -0.622661, -0.000353265)","(27.3564, 141.696, 194.005)","(55.747, 157.2, 192.387)","(-0.876572, -0.478671, 0.0499601)","(55.747, 157.2, 192.387)","(76.904, 163.595, 189.994)","(-0.951663, -0.287671, 0.107621)","(-13.3503, 115.085, 172.254)","(44.8856, 141.437, 146.083)","(-0.843133, -0.381519, 0.378906)","(44.8856, 141.437, 146.083)","(80.0626, 156.251, 131.638)","(-0.861949, -0.363002, 0.353939)","(80.0626, 156.251, 131.638)","(102.752, 157.62, 134.875)","(-0.988216, -0.0596102, -0.140981)","(102.752, 157.62, 134.875)","(117.039, 155.073, 142.141)","(-0.880307, 0.156955, -0.447687)","(-12.2194, 106.466, 164.633)","(43.71, 123.75, 135.245)","(-0.853863, -0.263863, 0.448658)","(43.71, 123.75, 135.245)","(86.2132, 132.685, 120.751)","(-0.928287, -0.195136, 0.316552)","(86.2132, 132.685, 120.751)","(112.633, 132.93, 126.373)","(-0.978066, -0.00908667, -0.208096)","(112.633, 132.93, 126.373)","(127.15, 130.519, 136.478)","(-0.813201, 0.135061, -0.566095)","(-10.8126, 96.2046, 159.559)","(39.1043, 103.698, 129.381)","(-0.848788, -0.127419, 0.51315)","(39.1043, 103.698, 129.381)","(78.4263, 105.823, 113.55)","(-0.926483, -0.0500769, 0.372989)","(78.4263, 105.823, 113.55)","(104.267, 104.222, 118.258)","(-0.98198, 0.0608588, -0.178916)","(104.267, 104.222, 118.258)","(119.104, 101.959, 127.732)","(-0.83596, 0.127495, -0.533774)","(-7.9784, 83.1842, 160.548)","(35.8645, 83.8884, 128.284)","(-0.805352, -0.0129352, 0.592656)","(35.8645, 83.8884, 128.284)","(64.8986, 78.5193, 112.273)","(-0.864406, 0.15985, 0.476708)","(64.8986, 78.5193, 112.273)","(83.1628, 76.2225, 114.79)","(-0.983034, 0.123618, -0.135508)","(83.1628, 76.2225, 114.79)","(97.6486, 74.8744, 122.303)","(-0.884701, 0.0823348, -0.458829)",1,0,0
1088971,12763149092,0,0,0,0,0,0,0,0.0,0.0,0.0,0,0,0,0,0,0,0,0,0,0.0,0.0,0.0,0,0,0,0,0,0,0,0,0,0.0,0.0,0,0.0,0.0,0,0.0,0.0,0,0.0,0.0,0,0.0,0.0,0,0,0,0,0,0,0,0,0,0,0,0,0,0,0,0,0,0,0,0,0,0,0,0,0,0,0,0,0,0,0,0,0,0,0,0,0,0,0,0,0,0,0,0,0,0,0,0,0,0,0,0,0,0,0,0,0,0,0,0,1,0,0
1088972,12763157591,0,0,0,0,0,0,0,0.0,0.0,0.0,0,0,0,0,0,0,0,0,0,0.0,0.0,0.0,0,0,0,0,0,0,0,0,0,0.0,0.0,0,0.0,0.0,0,0.0,0.0,0,0.0,0.0,0,0.0,0.0,0,0,0,0,0,0,0,0,0,0,0,0,0,0,0,0,0,0,0,0,0,0,0,0,0,0,0,0,0,0,0,0,0,0,0,0,0,0,0,0,0,0,0,0,0,0,0,0,0,0,0,0,0,0,0,0,0,0,0,0,1,0,0
1088973,12763166307,0,0,0,0,0,0,0,0.0,0.0,0.0,0,0,0,0,0,0,0,0,0,0.0,0.0,0.0,0,0,0,0,0,0,0,0,0,0.0,0.0,0,0.0,0.0,0,0.0,0.0,0,0.0,0.0,0,0.0,0.0,0,0,0,0,0,0,0,0,0,0,0,0,0,0,0,0,0,0,0,0,0,0,0,0,0,0,0,0,0,0,0,0,0,0,0,0,0,0,0,0,0,0,0,0,0,0,0,0,0,0,0,0,0,0,0,0,0,0,0,0,1,0,0
1088974,12763174983,0,0,0,0,0,0,0,0.0,0.0,0.0,0,0,0,0,0,0,0,0,0,0.0,0.0,0.0,0,0,0,0,0,0,0,0,0,0.0,0.0,0,0.0,0.0,0,0.0,0.0,0,0.0,0.0,0,0.0,0.0,0,0,0,0,0,0,0,0,0,0,0,0,0,0,0,0,0,0,0,0,0,0,0,0,0,0,0,0,0,0,0,0,0,0,0,0,0,0,0,0,0,0,0,0,0,0,0,0,0,0,0,0,0,0,0,0,0,0,0,0,1,0,0
1088975,12763183659,0,0,0,0,0,0,0,0.0,0.0,0.0,0,0,0,0,0,0,0,0,0,0.0,0.0,0.0,0,0,0,0,0,0,0,0,0,0.0,0.0,0,0.0,0.0,0,0.0,0.0,0,0.0,0.0,0,0.0,0.0,0,0,0,0,0,0,0,0,0,0,0,0,0,0,0,0,0,0,0,0,0,0,0,0,0,0,0,0,0,0,0,0,0,0,0,0,0,0,0,0,0,0,0,0,0,0,0,0,0,0,0,0,0,0,0,0,0,0,0,0,1,0,0
1088976,12763192374,0,0,0,0,0,0,0,0.0,0.0,0.0,0,0,0,0,0,0,0,0,0,0.0,0.0,0.0,0,0,0,0,0,0,0,0,0,0.0,0.0,0,0.0,0.0,0,0.0,0.0,0,0.0,0.0,0,0.0,0.0,0,0,0,0,0,0,0,0,0,0,0,0,0,0,0,0,0,0,0,0,0,0,0,0,0,0,0,0,0,0,0,0,0,0,0,0,0,0,0,0,0,0,0,0,0,0,0,0,0,0,0,0,0,0,0,0,0,0,0,0,1,0,0
1088977,12763200976,0,0,0,0,0,0,0,0.0,0.0,0.0,0,0,0,0,0,0,0,0,0,0.0,0.0,0.0,0,0,0,0,0,0,0,0,0,0.0,0.0,0,0.0,0.0,0,0.0,0.0,0,0.0,0.0,0,0.0,0.0,0,0,0,0,0,0,0,0,0,0,0,0,0,0,0,0,0,0,0,0,0,0,0,0,0,0,0,0,0,0,0,0,0,0,0,0,0,0,0,0,0,0,0,0,0,0,0,0,0,0,0,0,0,0,0,0,0,0,0,0,1,0,0
1088978,12763209756,0,0,0,0,0,0,0,0.0,0.0,0.0,0,0,0,0,0,0,0,0,0,0.0,0.0,0.0,0,0,0,0,0,0,0,0,0,0.0,0.0,0,0.0,0.0,0,0.0,0.0,0,0.0,0.0,0,0.0,0.0,0,0,0,0,0,0,0,0,0,0,0,0,0,0,0,0,0,0,0,0,0,0,0,0,0,0,0,0,0,0,0,0,0,0,0,0,0,0,0,0,0,0,0,0,0,0,0,0,0,0,0,0,0,0,0,0,0,0,0,0,1,0,0
1088979,12763218341,0,0,0,0,0,0,0,0.0,0.0,0.0,0,0,0,0,0,0,0,0,0,0.0,0.0,0.0,0,0,0,0,0,0,0,0,0,0.0,0.0,0,0.0,0.0,0,0.0,0.0,0,0.0,0.0,0,0.0,0.0,0,0,0,0,0,0,0,0,0,0,0,0,0,0,0,0,0,0,0,0,0,0,0,0,0,0,0,0,0,0,0,0,0,0,0,0,0,0,0,0,0,0,0,0,0,0,0,0,0,0,0,0,0,0,0,0,0,0,0,0,1,0,0
1088980,12763227125,0,0,0,0,0,0,0,0.0,0.0,0.0,0,0,0,0,0,0,0,0,0,0.0,0.0,0.0,0,0,0,0,0,0,0,0,0,0.0,0.0,0,0.0,0.0,0,0.0,0.0,0,0.0,0.0,0,0.0,0.0,0,0,0,0,0,0,0,0,0,0,0,0,0,0,0,0,0,0,0,0,0,0,0,0,0,0,0,0,0,0,0,0,0,0,0,0,0,0,0,0,0,0,0,0,0,0,0,0,0,0,0,0,0,0,0,0,0,0,0,0,1,0,0
1088981,12763235661,0,0,0,0,0,0,0,0.0,0.0,0.0,0,0,0,0,0,0,0,0,0,0.0,0.0,0.0,0,0,0,0,0,0,0,0,0,0.0,0.0,0,0.0,0.0,0,0.0,0.0,0,0.0,0.0,0,0.0,0.0,0,0,0,0,0,0,0,0,0,0,0,0,0,0,0,0,0,0,0,0,0,0,0,0,0,0,0,0,0,0,0,0,0,0,0,0,0,0,0,0,0,0,0,0,0,0,0,0,0,0,0,0,0,0,0,0,0,0,0,0,1,0,0
1088982,12763244559,0,0,0,0,0,0,0,0.0,0.0,0.0,0,0,0,0,0,0,0,0,0,0.0,0.0,0.0,0,0,0,0,0,0,0,0,0,0.0,0.0,0,0.0,0.0,0,0.0,0.0,0,0.0,0.0,0,0.0,0.0,0,0,0,0,0,0,0,0,0,0,0,0,0,0,0,0,0,0,0,0,0,0,0,0,0,0,0,0,0,0,0,0,0,0,0,0,0,0,0,0,0,0,0,0,0,0,0,0,0,0,0,0,0,0,0,0,0,0,0,0,1,0,0
1088983,12763253011,0,0,0,0,0,0,0,0.0,0.0,0.0,0,0,0,0,0,0,0,0,0,0.0,0.0,0.0,0,0,0,0,0,0,0,0,0,0.0,0.0,0,0.0,0.0,0,0.0,0.0,0,0.0,0.0,0,0.0,0.0,0,0,0,0,0,0,0,0,0,0,0,0,0,0,0,0,0,0,0,0,0,0,0,0,0,0,0,0,0,0,0,0,0,0,0,0,0,0,0,0,0,0,0,0,0,0,0,0,0,0,0,0,0,0,0,0,0,0,0,0,1,0,0
1088984,12763261933,0,0,0,0,0,0,0,0.0,0.0,0.0,0,0,0,0,0,0,0,0,0,0.0,0.0,0.0,0,0,0,0,0,0,0,0,0,0.0,0.0,0,0.0,0.0,0,0.0,0.0,0,0.0,0.0,0,0.0,0.0,0,0,0,0,0,0,0,0,0,0,0,0,0,0,0,0,0,0,0,0,0,0,0,0,0,0,0,0,0,0,0,0,0,0,0,0,0,0,0,0,0,0,0,0,0,0,0,0,0,0,0,0,0,0,0,0,0,0,0,0,1,0,0
1088985,12763270372,0,0,0,0,0,0,0,0.0,0.0,0.0,0,0,0,0,0,0,0,0,0,0.0,0.0,0.0,0,0,0,0,0,0,0,0,0,0.0,0.0,0,0.0,0.0,0,0.0,0.0,0,0.0,0.0,0,0.0,0.0,0,0,0,0,0,0,0,0,0,0,0,0,0,0,0,0,0,0,0,0,0,0,0,0,0,0,0,0,0,0,0,0,0,0,0,0,0,0,0,0,0,0,0,0,0,0,0,0,0,0,0,0,0,0,0,0,0,0,0,0,1,0,0
1088986,12763279337,0,0,0,0,0,0,0,0.0,0.0,0.0,0,0,0,0,0,0,0,0,0,0.0,0.0,0.0,0,0,0,0,0,0,0,0,0,0.0,0.0,0,0.0,0.0,0,0.0,0.0,0,0.0,0.0,0,0.0,0.0,0,0,0,0,0,0,0,0,0,0,0,0,0,0,0,0,0,0,0,0,0,0,0,0,0,0,0,0,0,0,0,0,0,0,0,0,0,0,0,0,0,0,0,0,0,0,0,0,0,0,0,0,0,0,0,0,0,0,0,0,1,0,0
1088987,12763287694,0,0,0,0,0,0,0,0.0,0.0,0.0,0,0,0,0,0,0,0,0,0,0.0,0.0,0.0,0,0,0,0,0,0,0,0,0,0.0,0.0,0,0.0,0.0,0,0.0,0.0,0,0.0,0.0,0,0.0,0.0,0,0,0,0,0,0,0,0,0,0,0,0,0,0,0,0,0,0,0,0,0,0,0,0,0,0,0,0,0,0,0,0,0,0,0,0,0,0,0,0,0,0,0,0,0,0,0,0,0,0,0,0,0,0,0,0,0,0,0,0,1,0,0
1088988,12763296556,0,0,0,0,0,0,0,0.0,0.0,0.0,0,0,0,0,0,0,0,0,0,0.0,0.0,0.0,0,0,0,0,0,0,0,0,0,0.0,0.0,0,0.0,0.0,0,0.0,0.0,0,0.0,0.0,0,0.0,0.0,0,0,0,0,0,0,0,0,0,0,0,0,0,0,0,0,0,0,0,0,0,0,0,0,0,0,0,0,0,0,0,0,0,0,0,0,0,0,0,0,0,0,0,0,0,0,0,0,0,0,0,0,0,0,0,0,0,0,0,0,1,0,0
1088989,12763305050,0,0,0,0,0,0,0,0.0,0.0,0.0,0,0,0,0,0,0,0,0,0,0.0,0.0,0.0,0,0,0,0,0,0,0,0,0,0.0,0.0,0,0.0,0.0,0,0.0,0.0,0,0.0,0.0,0,0.0,0.0,0,0,0,0,0,0,0,0,0,0,0,0,0,0,0,0,0,0,0,0,0,0,0,0,0,0,0,0,0,0,0,0,0,0,0,0,0,0,0,0,0,0,0,0,0,0,0,0,0,0,0,0,0,0,0,0,0,0,0,0,1,0,0
1088990,12763313868,0,0,0,0,0,0,0,0.0,0.0,0.0,0,0,0,0,0,0,0,0,0,0.0,0.0,0.0,0,0,0,0,0,0,0,0,0,0.0,0.0,0,0.0,0.0,0,0.0,0.0,0,0.0,0.0,0,0.0,0.0,0,0,0,0,0,0,0,0,0,0,0,0,0,0,0,0,0,0,0,0,0,0,0,0,0,0,0,0,0,0,0,0,0,0,0,0,0,0,0,0,0,0,0,0,0,0,0,0,0,0,0,0,0,0,0,0,0,0,0,0,1,0,0
1088991,12763322389,0,0,0,0,0,0,0,0.0,0.0,0.0,0,0,0,0,0,0,0,0,0,0.0,0.0,0.0,0,0,0,0,0,0,0,0,0,0.0,0.0,0,0.0,0.0,0,0.0,0.0,0,0.0,0.0,0,0.0,0.0,0,0,0,0,0,0,0,0,0,0,0,0,0,0,0,0,0,0,0,0,0,0,0,0,0,0,0,0,0,0,0,0,0,0,0,0,0,0,0,0,0,0,0,0,0,0,0,0,0,0,0,0,0,0,0,0,0,0,0,0,1,0,0
1088992,12763331222,0,0,0,0,0,0,0,0.0,0.0,0.0,0,0,0,0,0,0,0,0,0,0.0,0.0,0.0,0,0,0,0,0,0,0,0,0,0.0,0.0,0,0.0,0.0,0,0.0,0.0,0,0.0,0.0,0,0.0,0.0,0,0,0,0,0,0,0,0,0,0,0,0,0,0,0,0,0,0,0,0,0,0,0,0,0,0,0,0,0,0,0,0,0,0,0,0,0,0,0,0,0,0,0,0,0,0,0,0,0,0,0,0,0,0,0,0,0,0,0,0,1,0,0
1088993,12763339711,0,0,0,0,0,0,0,0.0,0.0,0.0,0,0,0,0,0,0,0,0,0,0.0,0.0,0.0,0,0,0,0,0,0,0,0,0,0.0,0.0,0,0.0,0.0,0,0.0,0.0,0,0.0,0.0,0,0.0,0.0,0,0,0,0,0,0,0,0,0,0,0,0,0,0,0,0,0,0,0,0,0,0,0,0,0,0,0,0,0,0,0,0,0,0,0,0,0,0,0,0,0,0,0,0,0,0,0,0,0,0,0,0,0,0,0,0,0,0,0,0,1,0,0
1088994,12763348597,0,0,0,0,0,0,0,0.0,0.0,0.0,0,0,0,0,0,0,0,0,0,0.0,0.0,0.0,0,0,0,0,0,0,0,0,0,0.0,0.0,0,0.0,0.0,0,0.0,0.0,0,0.0,0.0,0,0.0,0.0,0,0,0,0,0,0,0,0,0,0,0,0,0,0,0,0,0,0,0,0,0,0,0,0,0,0,0,0,0,0,0,0,0,0,0,0,0,0,0,0,0,0,0,0,0,0,0,0,0,0,0,0,0,0,0,0,0,0,0,0,1,0,0
1088995,12763357112,0,0,0,0,0,0,0,0.0,0.0,0.0,0,0,0,0,0,0,0,0,0,0.0,0.0,0.0,0,0,0,0,0,0,0,0,0,0.0,0.0,0,0.0,0.0,0,0.0,0.0,0,0.0,0.0,0,0.0,0.0,0,0,0,0,0,0,0,0,0,0,0,0,0,0,0,0,0,0,0,0,0,0,0,0,0,0,0,0,0,0,0,0,0,0,0,0,0,0,0,0,0,0,0,0,0,0,0,0,0,0,0,0,0,0,0,0,0,0,0,0,1,0,0
1088996,12763366041,0,0,0,0,0,0,0,0.0,0.0,0.0,0,0,0,0,0,0,0,0,0,0.0,0.0,0.0,0,0,0,0,0,0,0,0,0,0.0,0.0,0,0.0,0.0,0,0.0,0.0,0,0.0,0.0,0,0.0,0.0,0,0,0,0,0,0,0,0,0,0,0,0,0,0,0,0,0,0,0,0,0,0,0,0,0,0,0,0,0,0,0,0,0,0,0,0,0,0,0,0,0,0,0,0,0,0,0,0,0,0,0,0,0,0,0,0,0,0,0,0,1,0,0
1088997,12763374501,0,0,0,0,0,0,0,0.0,0.0,0.0,0,0,0,0,0,0,0,0,0,0.0,0.0,0.0,0,0,0,0,0,0,0,0,0,0.0,0.0,0,0.0,0.0,0,0.0,0.0,0,0.0,0.0,0,0.0,0.0,0,0,0,0,0,0,0,0,0,0,0,0,0,0,0,0,0,0,0,0,0,0,0,0,0,0,0,0,0,0,0,0,0,0,0,0,0,0,0,0,0,0,0,0,0,0,0,0,0,0,0,0,0,0,0,0,0,0,0,0,1,0,0
1088998,12763383175,0,0,0,0,0,0,0,0.0,0.0,0.0,0,0,0,0,0,0,0,0,0,0.0,0.0,0.0,0,0,0,0,0,0,0,0,0,0.0,0.0,0,0.0,0.0,0,0.0,0.0,0,0.0,0.0,0,0.0,0.0,0,0,0,0,0,0,0,0,0,0,0,0,0,0,0,0,0,0,0,0,0,0,0,0,0,0,0,0,0,0,0,0,0,0,0,0,0,0,0,0,0,0,0,0,0,0,0,0,0,0,0,0,0,0,0,0,0,0,0,0,1,0,0
1088999,12763391852,0,0,0,0,0,0,0,0.0,0.0,0.0,0,0,0,0,0,0,0,0,0,0.0,0.0,0.0,0,0,0,0,0,0,0,0,0,0.0,0.0,0,0.0,0.0,0,0.0,0.0,0,0.0,0.0,0,0.0,0.0,0,0,0,0,0,0,0,0,0,0,0,0,0,0,0,0,0,0,0,0,0,0,0,0,0,0,0,0,0,0,0,0,0,0,0,0,0,0,0,0,0,0,0,0,0,0,0,0,0,0,0,0,0,0,0,0,0,0,0,0,1,0,0
1089000,12763400487,0,0,0,0,0,0,0,0.0,0.0,0.0,0,0,0,0,0,0,0,0,0,0.0,0.0,0.0,0,0,0,0,0,0,0,0,0,0.0,0.0,0,0.0,0.0,0,0.0,0.0,0,0.0,0.0,0,0.0,0.0,0,0,0,0,0,0,0,0,0,0,0,0,0,0,0,0,0,0,0,0,0,0,0,0,0,0,0,0,0,0,0,0,0,0,0,0,0,0,0,0,0,0,0,0,0,0,0,0,0,0,0,0,0,0,0,0,0,0,0,0,1,0,0
1089001,12763409203,0,0,0,0,0,0,0,0.0,0.0,0.0,0,0,0,0,0,0,0,0,0,0.0,0.0,0.0,0,0,0,0,0,0,0,0,0,0.0,0.0,0,0.0,0.0,0,0.0,0.0,0,0.0,0.0,0,0.0,0.0,0,0,0,0,0,0,0,0,0,0,0,0,0,0,0,0,0,0,0,0,0,0,0,0,0,0,0,0,0,0,0,0,0,0,0,0,0,0,0,0,0,0,0,0,0,0,0,0,0,0,0,0,0,0,0,0,0,0,0,0,1,0,0
1089002,12763417799,0,0,0,0,0,0,0,0.0,0.0,0.0,0,0,0,0,0,0,0,0,0,0.0,0.0,0.0,0,0,0,0,0,0,0,0,0,0.0,0.0,0,0.0,0.0,0,0.0,0.0,0,0.0,0.0,0,0.0,0.0,0,0,0,0,0,0,0,0,0,0,0,0,0,0,0,0,0,0,0,0,0,0,0,0,0,0,0,0,0,0,0,0,0,0,0,0,0,0,0,0,0,0,0,0,0,0,0,0,0,0,0,0,0,0,0,0,0,0,0,0,1,0,0
1089003,12763426549,0,0,0,0,0,0,0,0.0,0.0,0.0,0,0,0,0,0,0,0,0,0,0.0,0.0,0.0,0,0,0,0,0,0,0,0,0,0.0,0.0,0,0.0,0.0,0,0.0,0.0,0,0.0,0.0,0,0.0,0.0,0,0,0,0,0,0,0,0,0,0,0,0,0,0,0,0,0,0,0,0,0,0,0,0,0,0,0,0,0,0,0,0,0,0,0,0,0,0,0,0,0,0,0,0,0,0,0,0,0,0,0,0,0,0,0,0,0,0,0,0,1,0,0
1089004,12763435135,0,0,0,0,0,0,0,0.0,0.0,0.0,0,0,0,0,0,0,0,0,0,0.0,0.0,0.0,0,0,0,0,0,0,0,0,0,0.0,0.0,0,0.0,0.0,0,0.0,0.0,0,0.0,0.0,0,0.0,0.0,0,0,0,0,0,0,0,0,0,0,0,0,0,0,0,0,0,0,0,0,0,0,0,0,0,0,0,0,0,0,0,0,0,0,0,0,0,0,0,0,0,0,0,0,0,0,0,0,0,0,0,0,0,0,0,0,0,0,0,0,1,0,0
1089005,12763443913,0,0,0,0,0,0,0,0.0,0.0,0.0,0,0,0,0,0,0,0,0,0,0.0,0.0,0.0,0,0,0,0,0,0,0,0,0,0.0,0.0,0,0.0,0.0,0,0.0,0.0,0,0.0,0.0,0,0.0,0.0,0,0,0,0,0,0,0,0,0,0,0,0,0,0,0,0,0,0,0,0,0,0,0,0,0,0,0,0,0,0,0,0,0,0,0,0,0,0,0,0,0,0,0,0,0,0,0,0,0,0,0,0,0,0,0,0,0,0,0,0,1,0,0
1089006,12763452569,0,0,0,0,0,0,0,0.0,0.0,0.0,0,0,0,0,0,0,0,0,0,0.0,0.0,0.0,0,0,0,0,0,0,0,0,0,0.0,0.0,0,0.0,0.0,0,0.0,0.0,0,0.0,0.0,0,0.0,0.0,0,0,0,0,0,0,0,0,0,0,0,0,0,0,0,0,0,0,0,0,0,0,0,0,0,0,0,0,0,0,0,0,0,0,0,0,0,0,0,0,0,0,0,0,0,0,0,0,0,0,0,0,0,0,0,0,0,0,0,0,1,0,0
